{
"lengthUnit": "mil",
"components": {
	"fields": ["COMPONENT_NO", "COMPONENT_NAME", "LAYER", "X_COORDINATE", "Y_COORDINATE", "ANGLE"],
	"rows": [
		[1, "C1", "B", 1905, 2870, 180],
		[2, "C2", "B", 2130, 2860, 180],
		[3, "C3", "B", 2535, 3450, 180],
		[4, "C4", "B", 2550, 3290, 180],
		[5, "C5", "B", 2550, 3140, 180],
		[6, "C6", "B", 2565, 3010, 180],
		[7, "D1", "B", 760, 3460, 180],
		[8, "DISP", "B", 1415, 2590, 180],
		[9, "DO", "B", 459.84, 2613.31, 180],
		[10, "i2c_EXP", "B", 715, 3650, 0],
		[11, "L1", "B", 2734.11, 2916.21, 180],
		[12, "LED1", "T", 2719.11, 3306.21, 0],
		[13, "LED2", "T", 2725, 3015, 0],
		[14, "LPC", "T", 465, 3140, 90],
		[15, "PROG", "T", 2435, 3630, 0],
		[16, "R1", "B", 780.04, 3313.41, 180],
		[17, "R2", "B", 770.04, 3153.41, 180],
		[18, "R3", "B", 765.04, 2983.41, 180],
		[19, "R4", "B", 760.04, 2828.41, 180],
		[20, "R5", "T", 2730, 3160, 0],
		[21, "R6", "T", 2735, 2865, 0],
		[22, "R7", "B", 2315, 2805, 270],
		[23, "R8", "B", 2475, 2800, 270],
		[24, "R9", "B", 2370, 2970, 180],
		[25, "R10", "B", 1865, 3195, 270],
		[26, "RGB", "B", 1119.84, 2658.94, 180],
		[27, "RGB_EXP", "B", 820, 2590, 180],
		[28, "U1", "B", 1350, 3205, 180],
		[29, "U2", "B", 2170, 3255, 180],
		[30, "U3", "B", 2660, 2590, 180],
		[31, "U5", "B", 2754.11, 3141.21, 180]
	]
},
"pins": {
	"fields": ["PIN_NO", "PIN_NAME", "PIN_X", "PIN_Y", "LAYER", "PIN_TYPE", "NET_NAME", "NET_TYPE", "PAD_SHAPE", "PAD_SIZEX", "PAD_SIZEY", "HOLE_SIZE", "PAD_ANGLE"],
	"rows": [
		[1, "C1_1", 1944.37, 2870, "B", "SMD", "GND", "GND", "R", 55.51, 53.15, 0, 0],
		[2, "C1_2", 1865.63, 2870, "B", "SMD", "$1N17", "", "R", 55.51, 53.15, 0, 0],
		[3, "C2_1", 2169.37, 2860, "B", "SMD", "GND", "GND", "R", 55.51, 53.15, 0, 0],
		[4, "C2_2", 2090.63, 2860, "B", "SMD", "VCC", "", "R", 55.51, 53.15, 0, 0],
		[5, "C3_1", 2574.37, 3450, "B", "SMD", "GND", "GND", "R", 55.51, 53.15, 0, 0],
		[6, "C3_2", 2495.63, 3450, "B", "SMD", "VCC", "", "R", 55.51, 53.15, 0, 0],
		[7, "C4_1", 2589.37, 3290, "B", "SMD", "VCC", "", "R", 55.51, 53.15, 0, 0],
		[8, "C4_2", 2510.63, 3290, "B", "SMD", "GND", "GND", "R", 55.51, 53.15, 0, 0],
		[9, "C5_1", 2589.37, 3140, "B", "SMD", "VCC", "", "R", 55.51, 53.15, 0, 0],
		[10, "C5_2", 2510.63, 3140, "B", "SMD", "GND", "GND", "R", 55.51, 53.15, 0, 0],
		[11, "C6_1", 2604.37, 3010, "B", "SMD", "GND", "GND", "R", 55.51, 53.15, 0, 0],
		[12, "C6_2", 2525.63, 3010, "B", "SMD", "VCC", "", "R", 55.51, 53.15, 0, 0],
		[13, "D1_1", 803.7, 3459.99, "B", "SMD", "$1N647", "", "R", 33.27, 16.54, 0, 0],
		[14, "D1_2", 716.3, 3459.99, "B", "SMD", "+5V", "", "R", 33.27, 16.54, 0, 0],
		[15, "DISP_1", 1513.43, 2666.28, "B", "SMD", "+5V", "", "R", 23.62, 61.02, 0, 0],
		[16, "DISP_2", 1474.05, 2666.28, "B", "SMD", "DSIP_SPI_TX", "", "R", 23.62, 61.02, 0, 0],
		[17, "DISP_3", 1434.68, 2666.28, "B", "SMD", "DISP_SPI_SCK", "", "R", 23.62, 61.02, 0, 0],
		[18, "DISP_4", 1395.31, 2666.28, "B", "SMD", "DSIP_CSN2", "", "R", 23.62, 61.02, 0, 0],
		[19, "DISP_5", 1355.94, 2666.28, "B", "SMD", "DISP_CSN1", "", "R", 23.62, 61.02, 0, 0],
		[20, "DISP_6", 1316.57, 2666.28, "B", "SMD", "GND", "GND", "R", 23.62, 61.02, 0, 0],
		[21, "DISP_7", 1265.4, 2513.72, "B", "SMD", "DISP_7", "", "R", 59.05, 78.74, 0, 0],
		[22, "DISP_8", 1564.61, 2513.72, "B", "SMD", "DISP_8", "", "R", 59.05, 78.74, 0, 0],
		[23, "DO_1", 459.84, 2613.31, "B", "SMD", "D0", "", "C", 78.74, 78.74, 0, 180],
		[24, "i2c_EXP_1", 616.57, 3573.72, "B", "SMD", "GND", "GND", "R", 23.62, 61.02, 0, 180],
		[25, "i2c_EXP_2", 655.95, 3573.72, "B", "SMD", "i2c_EXP_2", "", "R", 23.62, 61.02, 0, 180],
		[26, "i2c_EXP_3", 695.32, 3573.72, "B", "SMD", "EX_SDA", "", "R", 23.62, 61.02, 0, 180],
		[27, "i2c_EXP_4", 734.69, 3573.72, "B", "SMD", "EX_SCL", "", "R", 23.62, 61.02, 0, 180],
		[28, "i2c_EXP_5", 774.06, 3573.72, "B", "SMD", "i2c_EXP_5", "", "R", 23.62, 61.02, 0, 180],
		[29, "i2c_EXP_6", 813.43, 3573.72, "B", "SMD", "+5V", "", "R", 23.62, 61.02, 0, 180],
		[30, "i2c_EXP_7", 864.6, 3726.28, "B", "SMD", "i2c_EXP_7", "", "R", 59.05, 78.74, 0, 180],
		[31, "i2c_EXP_8", 565.39, 3726.28, "B", "SMD", "i2c_EXP_8", "", "R", 59.05, 78.74, 0, 180],
		[32, "L1_1", 2772.15, 2916.21, "B", "SMD", "+5V", "", "R", 44.59, 54.21, 0, 0],
		[33, "L1_2", 2696.07, 2916.21, "B", "SMD", "$1N17", "", "R", 44.59, 54.21, 0, 0],
		[34, "LED1_1", 2760.46, 3306.21, "T", "SMD", "LED2", "", "R", 39.37, 55.1, 0, 180],
		[35, "LED1_2", 2677.76, 3306.21, "T", "SMD", "$1N648", "", "R", 39.37, 55.1, 0, 180],
		[36, "LED2_1", 2766.35, 3015, "T", "SMD", "STS_LED", "", "R", 39.37, 55.1, 0, 180],
		[37, "LED2_2", 2683.65, 3015, "T", "SMD", "$1N13", "", "R", 39.37, 55.1, 0, 180],
		[38, "LPC_1", 515, 2790, "T", "DIP", "LCLK", "", "R", 70.87, 70.87, 39.37, 90],
		[39, "LPC_1", 515, 2790, "B", "DIP", "LCLK", "", "R", 70.87, 70.87, 39.37, 90],
		[40, "LPC_2", 415, 2790, "T", "DIP", "GND", "GND", "C", 70.87, 70.87, 39.37, 90],
		[41, "LPC_2", 415, 2790, "B", "DIP", "GND", "GND", "C", 70.87, 70.87, 39.37, 90],
		[42, "LPC_3", 515, 2890, "T", "DIP", "LFRAME", "", "C", 70.87, 70.87, 39.37, 90],
		[43, "LPC_3", 515, 2890, "B", "DIP", "LFRAME", "", "C", 70.87, 70.87, 39.37, 90],
		[44, "LPC_4", 415, 2890, "T", "DIP", "LPC_4", "", "C", 70.87, 70.87, 39.37, 90],
		[45, "LPC_4", 415, 2890, "B", "DIP", "LPC_4", "", "C", 70.87, 70.87, 39.37, 90],
		[46, "LPC_5", 515, 2990, "T", "DIP", "RST", "", "C", 70.87, 70.87, 39.37, 90],
		[47, "LPC_5", 515, 2990, "B", "DIP", "RST", "", "C", 70.87, 70.87, 39.37, 90],
		[48, "LPC_6", 415, 2990, "T", "DIP", "+5V", "", "C", 70.87, 70.87, 39.37, 90],
		[49, "LPC_6", 415, 2990, "B", "DIP", "+5V", "", "C", 70.87, 70.87, 39.37, 90],
		[50, "LPC_7", 515, 3090, "T", "DIP", "$1N40", "", "C", 70.87, 70.87, 39.37, 90],
		[51, "LPC_7", 515, 3090, "B", "DIP", "$1N40", "", "C", 70.87, 70.87, 39.37, 90],
		[52, "LPC_8", 415, 3090, "T", "DIP", "$1N39", "", "C", 70.87, 70.87, 39.37, 90],
		[53, "LPC_8", 415, 3090, "B", "DIP", "$1N39", "", "C", 70.87, 70.87, 39.37, 90],
		[54, "LPC_9", 515, 3190, "T", "DIP", "3.3V", "", "C", 70.87, 70.87, 39.37, 90],
		[55, "LPC_9", 515, 3190, "B", "DIP", "3.3V", "", "C", 70.87, 70.87, 39.37, 90],
		[56, "LPC_10", 415, 3190, "T", "DIP", "$1N38", "", "C", 70.87, 70.87, 39.37, 90],
		[57, "LPC_10", 415, 3190, "B", "DIP", "$1N38", "", "C", 70.87, 70.87, 39.37, 90],
		[58, "LPC_11", 515, 3290, "T", "DIP", "$1N41", "", "C", 70.87, 70.87, 39.37, 90],
		[59, "LPC_11", 515, 3290, "B", "DIP", "$1N41", "", "C", 70.87, 70.87, 39.37, 90],
		[60, "LPC_12", 415, 3290, "T", "DIP", "GND", "GND", "C", 70.87, 70.87, 39.37, 90],
		[61, "LPC_12", 415, 3290, "B", "DIP", "GND", "GND", "C", 70.87, 70.87, 39.37, 90],
		[62, "LPC_13", 515, 3390, "T", "DIP", "XSDA", "", "C", 70.87, 70.87, 39.37, 90],
		[63, "LPC_13", 515, 3390, "B", "DIP", "XSDA", "", "C", 70.87, 70.87, 39.37, 90],
		[64, "LPC_14", 415, 3390, "T", "DIP", "XSCL", "", "C", 70.87, 70.87, 39.37, 90],
		[65, "LPC_14", 415, 3390, "B", "DIP", "XSCL", "", "C", 70.87, 70.87, 39.37, 90],
		[66, "LPC_15", 515, 3490, "T", "DIP", "LPC_15", "", "C", 70.87, 70.87, 39.37, 90],
		[67, "LPC_15", 515, 3490, "B", "DIP", "LPC_15", "", "C", 70.87, 70.87, 39.37, 90],
		[68, "LPC_16", 415, 3490, "T", "DIP", "LPC_16", "", "C", 70.87, 70.87, 39.37, 90],
		[69, "LPC_16", 415, 3490, "B", "DIP", "LPC_16", "", "C", 70.87, 70.87, 39.37, 90],
		[70, "PROG_1", 2085, 3630, "T", "DIP", "SWCLK", "", "R", 59.05, 59.05, 39.37, 0],
		[71, "PROG_1", 2085, 3630, "B", "DIP", "SWCLK", "", "R", 59.05, 59.05, 39.37, 0],
		[72, "PROG_2", 2185, 3630, "T", "DIP", "SWDIO", "", "C", 59.05, 59.05, 39.37, 0],
		[73, "PROG_2", 2185, 3630, "B", "DIP", "SWDIO", "", "C", 59.05, 59.05, 39.37, 0],
		[74, "PROG_3", 2285, 3630, "T", "DIP", "NRST", "", "C", 59.05, 59.05, 39.37, 0],
		[75, "PROG_3", 2285, 3630, "B", "DIP", "NRST", "", "C", 59.05, 59.05, 39.37, 0],
		[76, "PROG_4", 2385, 3630, "T", "DIP", "OSC", "", "C", 59.05, 59.05, 39.37, 0],
		[77, "PROG_4", 2385, 3630, "B", "DIP", "OSC", "", "C", 59.05, 59.05, 39.37, 0],
		[78, "PROG_5", 2485, 3630, "T", "DIP", "TX", "", "C", 59.05, 59.05, 39.37, 0],
		[79, "PROG_5", 2485, 3630, "B", "DIP", "TX", "", "C", 59.05, 59.05, 39.37, 0],
		[80, "PROG_6", 2585, 3630, "T", "DIP", "RX", "", "C", 59.05, 59.05, 39.37, 0],
		[81, "PROG_6", 2585, 3630, "B", "DIP", "RX", "", "C", 59.05, 59.05, 39.37, 0],
		[82, "PROG_7", 2685, 3630, "T", "DIP", "GND", "GND", "C", 59.05, 59.05, 39.37, 0],
		[83, "PROG_7", 2685, 3630, "B", "DIP", "GND", "GND", "C", 59.05, 59.05, 39.37, 0],
		[84, "PROG_8", 2785, 3630, "T", "DIP", "VCC", "", "C", 59.05, 59.05, 39.37, 0],
		[85, "PROG_8", 2785, 3630, "B", "DIP", "VCC", "", "C", 59.05, 59.05, 39.37, 0],
		[86, "R1_1", 819.41, 3313.41, "B", "SMD", "LAD1", "", "R", 44.59, 54.21, 0, 0],
		[87, "R1_2", 740.67, 3313.41, "B", "SMD", "$1N38", "", "R", 44.59, 54.21, 0, 0],
		[88, "R2_1", 809.41, 3153.41, "B", "SMD", "LAD2", "", "R", 44.59, 54.21, 0, 0],
		[89, "R2_2", 730.67, 3153.41, "B", "SMD", "$1N39", "", "R", 44.59, 54.21, 0, 0],
		[90, "R3_1", 804.41, 2983.41, "B", "SMD", "$1N41", "", "R", 44.59, 54.21, 0, 0],
		[91, "R3_2", 725.67, 2983.41, "B", "SMD", "LAD0", "", "R", 44.59, 54.21, 0, 0],
		[92, "R4_1", 799.41, 2828.41, "B", "SMD", "$1N40", "", "R", 44.59, 54.21, 0, 0],
		[93, "R4_2", 720.67, 2828.41, "B", "SMD", "LAD3", "", "R", 44.59, 54.21, 0, 0],
		[94, "R5_1", 2690.63, 3160, "T", "SMD", "GND", "GND", "R", 44.59, 54.21, 0, 0],
		[95, "R5_2", 2769.37, 3160, "T", "SMD", "$1N648", "", "R", 44.59, 54.21, 0, 0],
		[96, "R6_1", 2695.63, 2865, "T", "SMD", "$1N13", "", "R", 44.59, 54.21, 0, 0],
		[97, "R6_2", 2774.37, 2865, "T", "SMD", "GND", "GND", "R", 44.59, 54.21, 0, 0],
		[98, "R7_1", 2315, 2844.37, "B", "SMD", "VCC", "", "R", 44.59, 54.21, 0, 90],
		[99, "R7_2", 2315, 2765.63, "B", "SMD", "SCL", "", "R", 44.59, 54.21, 0, 90],
		[100, "R8_1", 2475, 2839.37, "B", "SMD", "SDA", "", "R", 44.59, 54.21, 0, 90],
		[101, "R8_2", 2475, 2760.63, "B", "SMD", "VCC", "", "R", 44.59, 54.21, 0, 90],
		[102, "R9_1", 2409.37, 2970, "B", "SMD", "NRST", "", "R", 44.59, 54.21, 0, 0],
		[103, "R9_2", 2330.63, 2970, "B", "SMD", "VCC", "", "R", 44.59, 54.21, 0, 0],
		[104, "R10_1", 1865, 3234.37, "B", "SMD", "$1N33", "", "R", 44.59, 54.21, 0, 90],
		[105, "R10_2", 1865, 3155.63, "B", "SMD", "VCC", "", "R", 44.59, 54.21, 0, 90],
		[106, "RGB_1", 1119.84, 2658.94, "B", "SMD", "RGB", "", "C", 78.74, 78.74, 0, 180],
		[107, "RGB_EXP_1", 918.43, 2666.28, "B", "SMD", "RGB", "", "R", 23.62, 61.02, 0, 0],
		[108, "RGB_EXP_2", 879.05, 2666.28, "B", "SMD", "3.3V", "", "R", 23.62, 61.02, 0, 0],
		[109, "RGB_EXP_3", 839.68, 2666.28, "B", "SMD", "GND", "GND", "R", 23.62, 61.02, 0, 0],
		[110, "RGB_EXP_4", 800.31, 2666.28, "B", "SMD", "RGB_EXP_4", "", "R", 23.62, 61.02, 0, 0],
		[111, "RGB_EXP_5", 760.94, 2666.28, "B", "SMD", "RGB_EXP_5", "", "R", 23.62, 61.02, 0, 0],
		[112, "RGB_EXP_6", 721.57, 2666.28, "B", "SMD", "+5V", "", "R", 23.62, 61.02, 0, 0],
		[113, "RGB_EXP_7", 670.4, 2513.72, "B", "SMD", "RGB_EXP_7", "", "R", 59.05, 78.74, 0, 0],
		[114, "RGB_EXP_8", 969.61, 2513.72, "B", "SMD", "RGB_EXP_8", "", "R", 59.05, 78.74, 0, 0],
		[115, "U1_1", 995.67, 3636.3, "B", "SMD", "LAD0", "", "R", 78.74, 51.18, 0, 0],
		[116, "U1_2", 995.67, 3536.3, "B", "SMD", "LAD1", "", "R", 78.74, 51.18, 0, 0],
		[117, "U1_3", 995.67, 3436.3, "B", "SMD", "LAD2", "", "R", 78.74, 51.18, 0, 0],
		[118, "U1_4", 995.67, 3336.3, "B", "SMD", "LAD3", "", "R", 78.74, 51.18, 0, 0],
		[119, "U1_5", 995.67, 3236.3, "B", "SMD", "LCLK", "", "R", 78.74, 51.18, 0, 0],
		[120, "U1_6", 995.67, 3136.3, "B", "SMD", "LFRAME", "", "R", 78.74, 51.18, 0, 0],
		[121, "U1_7", 995.67, 3036.3, "B", "SMD", "D0", "", "R", 78.74, 51.18, 0, 0],
		[122, "U1_8", 995.67, 2936.3, "B", "SMD", "RST", "", "R", 78.74, 51.18, 0, 0],
		[123, "U1_9", 995.67, 2836.3, "B", "SMD", "3.3V", "", "R", 78.74, 51.18, 0, 0],
		[124, "U1_10", 1150, 2773.7, "B", "SMD", "U1_10", "", "R", 51.18, 78.74, 0, 0],
		[125, "U1_11", 1250, 2773.7, "B", "SMD", "U1_11", "", "R", 51.18, 78.74, 0, 0],
		[126, "U1_12", 1350, 2773.7, "B", "SMD", "STS_LED", "", "R", 51.18, 78.74, 0, 0],
		[127, "U1_13", 1450, 2773.7, "B", "SMD", "EX_SDA", "", "R", 51.18, 78.74, 0, 0],
		[128, "U1_14", 1550, 2773.71, "B", "SMD", "EX_SCL", "", "R", 78.74, 51.18, 0, 90],
		[129, "U1_15", 1704.33, 2836.3, "B", "SMD", "DISP_SPI_TX", "", "R", 78.74, 51.18, 0, 0],
		[130, "U1_16", 1704.33, 2936.3, "B", "SMD", "DISP_SPI_SCK", "", "R", 78.74, 51.18, 0, 0],
		[131, "U1_17", 1704.33, 3036.3, "B", "SMD", "DISP_CSN2", "", "R", 78.74, 51.18, 0, 0],
		[132, "U1_18", 1704.33, 3136.3, "B", "SMD", "DISP_CSN1", "", "R", 78.74, 51.18, 0, 0],
		[133, "U1_19", 1704.33, 3236.3, "B", "SMD", "U1_19", "", "R", 78.74, 51.18, 0, 0],
		[134, "U1_20", 1704.33, 3336.3, "B", "SMD", "U1_20", "", "R", 78.74, 51.18, 0, 0],
		[135, "U1_21", 1704.33, 3436.3, "B", "SMD", "U1_21", "", "R", 78.74, 51.18, 0, 0],
		[136, "U1_22", 1704.33, 3536.3, "B", "SMD", "GND", "GND", "R", 78.74, 51.18, 0, 0],
		[137, "U1_23", 1704.33, 3636.3, "B", "SMD", "$1N647", "", "R", 78.74, 51.18, 0, 0],
		[138, "U2_1", 2278.27, 3087.68, "B", "SMD", "VCC", "", "O", 10.63, 59.05, 0, 0],
		[139, "U2_2", 2258.58, 3087.68, "B", "SMD", "LED", "", "O", 10.63, 59.05, 0, 0],
		[140, "U2_3", 2238.9, 3087.68, "B", "SMD", "LED2", "", "O", 10.63, 59.05, 0, 0],
		[141, "U2_4", 2219.21, 3087.68, "B", "SMD", "U2_4", "", "O", 10.63, 59.05, 0, 0],
		[142, "U2_5", 2199.53, 3087.68, "B", "SMD", "U2_5", "", "O", 10.63, 59.05, 0, 0],
		[143, "U2_6", 2179.84, 3087.68, "B", "SMD", "OSC", "", "O", 10.63, 59.05, 0, 0],
		[144, "U2_7", 2160.16, 3087.68, "B", "SMD", "NRST", "", "O", 10.63, 59.05, 0, 0],
		[145, "U2_8", 2140.47, 3087.68, "B", "SMD", "GND", "GND", "O", 10.63, 59.05, 0, 0],
		[146, "U2_9", 2120.79, 3087.68, "B", "SMD", "VCC", "", "O", 10.63, 59.05, 0, 0],
		[147, "U2_10", 2101.1, 3087.68, "B", "SMD", "U2_10", "", "O", 10.63, 59.05, 0, 0],
		[148, "U2_11", 2081.42, 3087.68, "B", "SMD", "U2_11", "", "O", 10.63, 59.05, 0, 0],
		[149, "U2_12", 2061.73, 3087.68, "B", "SMD", "TX", "", "O", 10.63, 59.05, 0, 0],
		[150, "U2_13", 2002.68, 3146.73, "B", "SMD", "RX", "", "O", 59.05, 10.63, 0, 0],
		[151, "U2_14", 2002.68, 3166.42, "B", "SMD", "U2_14", "", "O", 59.05, 10.63, 0, 0],
		[152, "U2_15", 2002.68, 3186.1, "B", "SMD", "U2_15", "", "O", 59.05, 10.63, 0, 0],
		[153, "U2_16", 2002.68, 3205.79, "B", "SMD", "U2_16", "", "O", 59.05, 10.63, 0, 0],
		[154, "U2_17", 2002.68, 3225.47, "B", "SMD", "U2_17", "", "O", 59.05, 10.63, 0, 0],
		[155, "U2_18", 2002.68, 3245.16, "B", "SMD", "U2_18", "", "O", 59.05, 10.63, 0, 0],
		[156, "U2_19", 2002.68, 3264.84, "B", "SMD", "U2_19", "", "O", 59.05, 10.63, 0, 0],
		[157, "U2_20", 2002.68, 3284.53, "B", "SMD", "U2_20", "", "O", 59.05, 10.63, 0, 0],
		[158, "U2_21", 2002.68, 3304.21, "B", "SMD", "XSCL", "", "O", 59.05, 10.63, 0, 0],
		[159, "U2_22", 2002.68, 3323.9, "B", "SMD", "XSDA", "", "O", 59.05, 10.63, 0, 0],
		[160, "U2_23", 2002.68, 3343.58, "B", "SMD", "GND", "GND", "O", 59.05, 10.63, 0, 0],
		[161, "U2_24", 2002.68, 3363.27, "B", "SMD", "VCC", "", "O", 59.05, 10.63, 0, 0],
		[162, "U2_25", 2061.73, 3422.32, "B", "SMD", "U2_25", "", "O", 10.63, 59.05, 0, 0],
		[163, "U2_26", 2081.42, 3422.32, "B", "SMD", "U2_26", "", "O", 10.63, 59.05, 0, 0],
		[164, "U2_27", 2101.1, 3422.32, "B", "SMD", "U2_27", "", "O", 10.63, 59.05, 0, 0],
		[165, "U2_28", 2120.79, 3422.32, "B", "SMD", "U2_28", "", "O", 10.63, 59.05, 0, 0],
		[166, "U2_29", 2140.47, 3422.32, "B", "SMD", "U2_29", "", "O", 10.63, 59.05, 0, 0],
		[167, "U2_30", 2160.16, 3422.32, "B", "SMD", "U2_30", "", "O", 10.63, 59.05, 0, 0],
		[168, "U2_31", 2179.84, 3422.32, "B", "SMD", "U2_31", "", "O", 10.63, 59.05, 0, 0],
		[169, "U2_32", 2199.53, 3422.32, "B", "SMD", "U2_32", "", "O", 10.63, 59.05, 0, 0],
		[170, "U2_33", 2219.21, 3422.32, "B", "SMD", "U2_33", "", "O", 10.63, 59.05, 0, 0],
		[171, "U2_34", 2238.9, 3422.32, "B", "SMD", "SWDIO", "", "O", 10.63, 59.05, 0, 0],
		[172, "U2_35", 2258.58, 3422.32, "B", "SMD", "U2_35", "", "O", 10.63, 59.05, 0, 0],
		[173, "U2_36", 2278.27, 3422.32, "B", "SMD", "INT", "", "O", 10.63, 59.05, 0, 0],
		[174, "U2_37", 2337.32, 3363.27, "B", "SMD", "SWCLK", "", "O", 59.05, 10.63, 0, 0],
		[175, "U2_38", 2337.32, 3343.58, "B", "SMD", "U2_38", "", "O", 59.05, 10.63, 0, 0],
		[176, "U2_39", 2337.32, 3323.9, "B", "SMD", "U2_39", "", "O", 59.05, 10.63, 0, 0],
		[177, "U2_40", 2337.32, 3304.21, "B", "SMD", "U2_40", "", "O", 59.05, 10.63, 0, 0],
		[178, "U2_41", 2337.32, 3284.53, "B", "SMD", "U2_41", "", "O", 59.05, 10.63, 0, 0],
		[179, "U2_42", 2337.32, 3264.84, "B", "SMD", "SCL", "", "O", 59.05, 10.63, 0, 0],
		[180, "U2_43", 2337.32, 3245.16, "B", "SMD", "SDA", "", "O", 59.05, 10.63, 0, 0],
		[181, "U2_44", 2337.32, 3225.47, "B", "SMD", "$1N33", "", "O", 59.05, 10.63, 0, 0],
		[182, "U2_45", 2337.32, 3205.79, "B", "SMD", "U2_45", "", "O", 59.05, 10.63, 0, 0],
		[183, "U2_46", 2337.32, 3186.1, "B", "SMD", "U2_46", "", "O", 59.05, 10.63, 0, 0],
		[184, "U2_47", 2337.32, 3166.42, "B", "SMD", "GND", "GND", "O", 59.05, 10.63, 0, 0],
		[185, "U2_48", 2337.32, 3146.73, "B", "SMD", "VCC", "", "O", 59.05, 10.63, 0, 0],
		[186, "U3_1", 2758.43, 2666.28, "B", "SMD", "GND", "GND", "R", 23.62, 61.02, 0, 0],
		[187, "U3_2", 2719.05, 2666.28, "B", "SMD", "LED", "", "R", 23.62, 61.02, 0, 0],
		[188, "U3_3", 2679.68, 2666.28, "B", "SMD", "U3_3", "", "R", 23.62, 61.02, 0, 0],
		[189, "U3_4", 2640.31, 2666.28, "B", "SMD", "SCL", "", "R", 23.62, 61.02, 0, 0],
		[190, "U3_5", 2600.94, 2666.28, "B", "SMD", "SDA", "", "R", 23.62, 61.02, 0, 0],
		[191, "U3_6", 2561.57, 2666.28, "B", "SMD", "INT", "", "R", 23.62, 61.02, 0, 0],
		[192, "U3_7", 2510.4, 2513.72, "B", "SMD", "U3_7", "", "R", 59.05, 78.74, 0, 0],
		[193, "U3_8", 2809.61, 2513.72, "B", "SMD", "U3_8", "", "R", 59.05, 78.74, 0, 0],
		[194, "U5_1", 2702.92, 3103.81, "B", "SMD", "$1N17", "", "R", 43.31, 23.62, 0, 0],
		[195, "U5_2", 2702.92, 3141.21, "B", "SMD", "GND", "GND", "R", 43.31, 23.62, 0, 0],
		[196, "U5_3", 2702.92, 3178.61, "B", "SMD", "$1N17", "", "R", 43.31, 23.62, 0, 0],
		[197, "U5_4", 2805.3, 3178.61, "B", "SMD", "U5_4", "", "R", 43.31, 23.62, 0, 0],
		[198, "U5_5", 2805.3, 3103.81, "B", "SMD", "VCC", "", "R", 43.31, 23.62, 0, 0]
	]
}
}