{
"lengthUnit": "mil",
"components": {
	"fields": ["COMPONENT_NO", "COMPONENT_NAME", "LAYER", "X_COORDINATE", "Y_COORDINATE", "ANGLE"],
	"rows": [
		[1, "C1", "B", 575, 575, 270],
		[2, "C2", "B", 708, 575.63, 270],
		[3, "C3", "B", 841.8, 571.6, 270],
		[4, "C4", "B", 972.1, 571.6, 270],
		[5, "C5", "B", 781.15, 386.6, 180],
		[6, "C6", "B", 1356.45, 551.6, 180],
		[7, "D1", "T", 495, 605, 0],
		[8, "DISP", "T", 360, 255, 0],
		[9, "DO", "T", 275, 578.31, 0],
		[10, "i2c_EXP", "T", 1137.08, 253.72, 0],
		[11, "L1", "B", 348.02, 433.31, 180],
		[12, "LED1", "T", 1623.23, 565.81, 90],
		[13, "LED2", "T", 1477.08, 562.07, 90],
		[14, "LPC", "T", 345, 1155, 90],
		[15, "PROG", "T", 1590, 1210, 270],
		[16, "R1", "T", 1454.78, 1527, 90],
		[17, "R2", "T", 1454.78, 1357, 90],
		[18, "R3", "T", 1453.82, 1177, 90],
		[19, "R4", "T", 1455, 995, 90],
		[20, "R5", "T", 1453.7, 735.81, 90],
		[21, "R6", "T", 1602.08, 707.07, 0],
		[22, "R7", "B", 1360.33, 1129.1, 180],
		[23, "R8", "B", 1360.33, 983.72, 180],
		[24, "R9", "B", 1360.67, 839.55, 180],
		[25, "R10", "B", 1360.67, 688.97, 180],
		[26, "RGB", "T", 905, 440, 0],
		[27, "RGB_EXP", "T", 750, 255, 0],
		[28, "U1", "T", 955, 1080, 0],
		[29, "U2", "B", 890, 980, 180],
		[30, "U3", "B", 1355, 1515, 0],
		[31, "U5", "B", 350, 615, 180]
	]
},
"pins": {
	"fields": ["PIN_NO", "PIN_NAME", "PIN_X", "PIN_Y", "LAYER", "PIN_TYPE", "NET_NAME", "NET_TYPE", "PAD_SHAPE", "PAD_SIZEX", "PAD_SIZEY", "HOLE_SIZE", "PAD_ANGLE"],
	"rows": [
		[1, "C1_1", 575, 614.37, "B", "SMD", "GND", "GND", "R", 55.51, 53.15, 0, 90],
		[2, "C1_2", 575, 535.63, "B", "SMD", "$1N2142", "", "R", 55.51, 53.15, 0, 90],
		[3, "C2_1", 708, 615, "B", "SMD", "GND", "GND", "R", 55.51, 53.15, 0, 90],
		[4, "C2_2", 708, 536.26, "B", "SMD", "VCC", "", "R", 55.51, 53.15, 0, 90],
		[5, "C3_1", 841.8, 610.97, "B", "SMD", "GND", "GND", "R", 55.51, 53.15, 0, 90],
		[6, "C3_2", 841.8, 532.23, "B", "SMD", "VCC", "", "R", 55.51, 53.15, 0, 90],
		[7, "C4_1", 972.1, 610.97, "B", "SMD", "VCC", "", "R", 55.51, 53.15, 0, 90],
		[8, "C4_2", 972.1, 532.23, "B", "SMD", "GND", "GND", "R", 55.51, 53.15, 0, 90],
		[9, "C5_1", 820.52, 386.6, "B", "SMD", "VCC", "", "R", 55.51, 53.15, 0, 0],
		[10, "C5_2", 741.78, 386.6, "B", "SMD", "GND", "GND", "R", 55.51, 53.15, 0, 0],
		[11, "C6_1", 1395.82, 551.6, "B", "SMD", "GND", "GND", "R", 55.51, 53.15, 0, 0],
		[12, "C6_2", 1317.08, 551.6, "B", "SMD", "VCC", "", "R", 55.51, 53.15, 0, 0],
		[13, "D1_1", 451.3, 604.99, "T", "SMD", "$1N2150", "", "R", 33.27, 16.54, 0, 180],
		[14, "D1_2", 538.7, 604.99, "T", "SMD", "+5V", "", "R", 33.27, 16.54, 0, 180],
		[15, "DISP_1", 261.57, 331.28, "T", "SMD", "+5V", "", "R", 23.62, 61.02, 0, 180],
		[16, "DISP_2", 300.95, 331.28, "T", "SMD", "DISP_SPI_TX", "", "R", 23.62, 61.02, 0, 180],
		[17, "DISP_3", 340.32, 331.28, "T", "SMD", "DISP_SPI_SCK", "", "R", 23.62, 61.02, 0, 180],
		[18, "DISP_4", 379.69, 331.28, "T", "SMD", "DISP_CSN2", "", "R", 23.62, 61.02, 0, 180],
		[19, "DISP_5", 419.06, 331.28, "T", "SMD", "DISP_CSN1", "", "R", 23.62, 61.02, 0, 180],
		[20, "DISP_6", 458.43, 331.28, "T", "SMD", "GND", "GND", "R", 23.62, 61.02, 0, 180],
		[21, "DISP_7", 509.6, 178.72, "T", "SMD", "DISP_7", "", "R", 59.05, 78.74, 0, 180],
		[22, "DISP_8", 210.39, 178.72, "T", "SMD", "DISP_8", "", "R", 59.05, 78.74, 0, 180],
		[23, "DO_1", 275, 578.31, "T", "SMD", "D0", "", "C", 75, 75, 0, 0],
		[24, "i2c_EXP_1", 1038.65, 330, "T", "SMD", "GND", "GND", "R", 23.62, 61.02, 0, 180],
		[25, "i2c_EXP_2", 1078.03, 330, "T", "SMD", "i2c_EXP_2", "", "R", 23.62, 61.02, 0, 180],
		[26, "i2c_EXP_3", 1117.4, 330, "T", "SMD", "EX_SDA", "", "R", 23.62, 61.02, 0, 180],
		[27, "i2c_EXP_4", 1156.77, 330, "T", "SMD", "EX_SCL", "", "R", 23.62, 61.02, 0, 180],
		[28, "i2c_EXP_5", 1196.14, 330, "T", "SMD", "i2c_EXP_5", "", "R", 23.62, 61.02, 0, 180],
		[29, "i2c_EXP_6", 1235.51, 330, "T", "SMD", "+5V", "", "R", 23.62, 61.02, 0, 180],
		[30, "i2c_EXP_7", 1286.68, 177.44, "T", "SMD", "i2c_EXP_7", "", "R", 59.05, 78.74, 0, 180],
		[31, "i2c_EXP_8", 987.47, 177.44, "T", "SMD", "i2c_EXP_8", "", "R", 59.05, 78.74, 0, 180],
		[32, "L1_1", 386.06, 433.31, "B", "SMD", "+5V", "", "R", 44.59, 54.21, 0, 0],
		[33, "L1_2", 309.98, 433.31, "B", "SMD", "$1N2142", "", "R", 44.59, 54.21, 0, 0],
		[34, "LED1_1", 1623.23, 607.16, "T", "SMD", "LED2", "", "R", 39.37, 55.1, 0, 270],
		[35, "LED1_2", 1623.23, 524.46, "T", "SMD", "$1N2151", "", "R", 39.37, 55.1, 0, 270],
		[36, "LED2_1", 1477.08, 603.42, "T", "SMD", "STS_LED", "", "R", 39.37, 55.1, 0, 270],
		[37, "LED2_2", 1477.08, 520.72, "T", "SMD", "$1N2227", "", "R", 39.37, 55.1, 0, 270],
		[38, "LPC_1", 395, 805, "T", "DIP", "LCLK", "", "R", 70.87, 70.87, 39.37, 90],
		[39, "LPC_1", 395, 805, "B", "DIP", "LCLK", "", "R", 70.87, 70.87, 39.37, 90],
		[40, "LPC_2", 295, 805, "T", "DIP", "GND", "GND", "C", 70.87, 70.87, 39.37, 90],
		[41, "LPC_2", 295, 805, "B", "DIP", "GND", "GND", "C", 70.87, 70.87, 39.37, 90],
		[42, "LPC_3", 395, 905, "T", "DIP", "LFRAME", "", "C", 70.87, 70.87, 39.37, 90],
		[43, "LPC_3", 395, 905, "B", "DIP", "LFRAME", "", "C", 70.87, 70.87, 39.37, 90],
		[44, "LPC_4", 295, 905, "T", "DIP", "LPC_4", "", "C", 70.87, 70.87, 39.37, 90],
		[45, "LPC_4", 295, 905, "B", "DIP", "LPC_4", "", "C", 70.87, 70.87, 39.37, 90],
		[46, "LPC_5", 395, 1005, "T", "DIP", "RST", "", "C", 70.87, 70.87, 39.37, 90],
		[47, "LPC_5", 395, 1005, "B", "DIP", "RST", "", "C", 70.87, 70.87, 39.37, 90],
		[48, "LPC_6", 295, 1005, "T", "DIP", "+5V", "", "C", 70.87, 70.87, 39.37, 90],
		[49, "LPC_6", 295, 1005, "B", "DIP", "+5V", "", "C", 70.87, 70.87, 39.37, 90],
		[50, "LPC_7", 395, 1105, "T", "DIP", "$1N2232", "", "C", 70.87, 70.87, 39.37, 90],
		[51, "LPC_7", 395, 1105, "B", "DIP", "$1N2232", "", "C", 70.87, 70.87, 39.37, 90],
		[52, "LPC_8", 295, 1105, "T", "DIP", "$1N2230", "", "C", 70.87, 70.87, 39.37, 90],
		[53, "LPC_8", 295, 1105, "B", "DIP", "$1N2230", "", "C", 70.87, 70.87, 39.37, 90],
		[54, "LPC_9", 395, 1205, "T", "DIP", "3.3V", "", "C", 70.87, 70.87, 39.37, 90],
		[55, "LPC_9", 395, 1205, "B", "DIP", "3.3V", "", "C", 70.87, 70.87, 39.37, 90],
		[56, "LPC_10", 295, 1205, "T", "DIP", "$1N2229", "", "C", 70.87, 70.87, 39.37, 90],
		[57, "LPC_10", 295, 1205, "B", "DIP", "$1N2229", "", "C", 70.87, 70.87, 39.37, 90],
		[58, "LPC_11", 395, 1305, "T", "DIP", "$1N2231", "", "C", 70.87, 70.87, 39.37, 90],
		[59, "LPC_11", 395, 1305, "B", "DIP", "$1N2231", "", "C", 70.87, 70.87, 39.37, 90],
		[60, "LPC_12", 295, 1305, "T", "DIP", "GND", "GND", "C", 70.87, 70.87, 39.37, 90],
		[61, "LPC_12", 295, 1305, "B", "DIP", "GND", "GND", "C", 70.87, 70.87, 39.37, 90],
		[62, "LPC_13", 395, 1405, "T", "DIP", "XSDA", "", "C", 70.87, 70.87, 39.37, 90],
		[63, "LPC_13", 395, 1405, "B", "DIP", "XSDA", "", "C", 70.87, 70.87, 39.37, 90],
		[64, "LPC_14", 295, 1405, "T", "DIP", "XSCL", "", "C", 70.87, 70.87, 39.37, 90],
		[65, "LPC_14", 295, 1405, "B", "DIP", "XSCL", "", "C", 70.87, 70.87, 39.37, 90],
		[66, "LPC_15", 395, 1505, "T", "DIP", "LPC_15", "", "C", 70.87, 70.87, 39.37, 90],
		[67, "LPC_15", 395, 1505, "B", "DIP", "LPC_15", "", "C", 70.87, 70.87, 39.37, 90],
		[68, "LPC_16", 295, 1505, "T", "DIP", "LPC_16", "", "C", 70.87, 70.87, 39.37, 90],
		[69, "LPC_16", 295, 1505, "B", "DIP", "LPC_16", "", "C", 70.87, 70.87, 39.37, 90],
		[70, "PROG_1", 1590, 1560, "T", "DIP", "SWCLK", "", "R", 59.05, 59.05, 39.37, 270],
		[71, "PROG_1", 1590, 1560, "B", "DIP", "SWCLK", "", "R", 59.05, 59.05, 39.37, 270],
		[72, "PROG_2", 1590, 1460, "T", "DIP", "SWDIO", "", "C", 59.05, 59.05, 39.37, 270],
		[73, "PROG_2", 1590, 1460, "B", "DIP", "SWDIO", "", "C", 59.05, 59.05, 39.37, 270],
		[74, "PROG_3", 1590, 1360, "T", "DIP", "NRST", "", "C", 59.05, 59.05, 39.37, 270],
		[75, "PROG_3", 1590, 1360, "B", "DIP", "NRST", "", "C", 59.05, 59.05, 39.37, 270],
		[76, "PROG_4", 1590, 1260, "T", "DIP", "OSC", "", "C", 59.05, 59.05, 39.37, 270],
		[77, "PROG_4", 1590, 1260, "B", "DIP", "OSC", "", "C", 59.05, 59.05, 39.37, 270],
		[78, "PROG_5", 1590, 1160, "T", "DIP", "TX", "", "C", 59.05, 59.05, 39.37, 270],
		[79, "PROG_5", 1590, 1160, "B", "DIP", "TX", "", "C", 59.05, 59.05, 39.37, 270],
		[80, "PROG_6", 1590, 1060, "T", "DIP", "RX", "", "C", 59.05, 59.05, 39.37, 270],
		[81, "PROG_6", 1590, 1060, "B", "DIP", "RX", "", "C", 59.05, 59.05, 39.37, 270],
		[82, "PROG_7", 1590, 960, "T", "DIP", "GND", "GND", "C", 59.05, 59.05, 39.37, 270],
		[83, "PROG_7", 1590, 960, "B", "DIP", "GND", "GND", "C", 59.05, 59.05, 39.37, 270],
		[84, "PROG_8", 1590, 860, "T", "DIP", "VCC", "", "C", 59.05, 59.05, 39.37, 270],
		[85, "PROG_8", 1590, 860, "B", "DIP", "VCC", "", "C", 59.05, 59.05, 39.37, 270],
		[86, "R1_1", 1454.78, 1487.63, "T", "SMD", "LAD1", "", "R", 44.59, 54.21, 0, 270],
		[87, "R1_2", 1454.78, 1566.37, "T", "SMD", "$1N2229", "", "R", 44.59, 54.21, 0, 270],
		[88, "R2_1", 1454.78, 1317.63, "T", "SMD", "LAD2", "", "R", 44.59, 54.21, 0, 270],
		[89, "R2_2", 1454.78, 1396.37, "T", "SMD", "$1N2230", "", "R", 44.59, 54.21, 0, 270],
		[90, "R3_1", 1453.82, 1137.63, "T", "SMD", "$1N2231", "", "R", 44.59, 54.21, 0, 270],
		[91, "R3_2", 1453.82, 1216.37, "T", "SMD", "LAD0", "", "R", 44.59, 54.21, 0, 270],
		[92, "R4_1", 1455, 955.63, "T", "SMD", "$1N2232", "", "R", 44.59, 54.21, 0, 270],
		[93, "R4_2", 1455, 1034.37, "T", "SMD", "LAD3", "", "R", 44.59, 54.21, 0, 270],
		[94, "R5_1", 1453.7, 696.44, "T", "SMD", "GND", "GND", "R", 44.59, 54.21, 0, 90],
		[95, "R5_2", 1453.7, 775.18, "T", "SMD", "$1N2151", "", "R", 44.59, 54.21, 0, 90],
		[96, "R6_1", 1562.71, 707.07, "T", "SMD", "$1N2227", "", "R", 44.59, 54.21, 0, 0],
		[97, "R6_2", 1641.45, 707.07, "T", "SMD", "GND", "GND", "R", 44.59, 54.21, 0, 0],
		[98, "R7_1", 1399.7, 1129.1, "B", "SMD", "VCC", "", "R", 44.59, 54.21, 0, 0],
		[99, "R7_2", 1320.96, 1129.1, "B", "SMD", "SCL", "", "R", 44.59, 54.21, 0, 0],
		[100, "R8_1", 1399.7, 983.72, "B", "SMD", "SDA", "", "R", 44.59, 54.21, 0, 0],
		[101, "R8_2", 1320.96, 983.72, "B", "SMD", "VCC", "", "R", 44.59, 54.21, 0, 0],
		[102, "R9_1", 1400.04, 839.55, "B", "SMD", "NRST", "", "R", 44.59, 54.21, 0, 0],
		[103, "R9_2", 1321.3, 839.55, "B", "SMD", "VCC", "", "R", 44.59, 54.21, 0, 0],
		[104, "R10_1", 1400.04, 688.97, "B", "SMD", "$1N2228", "", "R", 44.59, 54.21, 0, 0],
		[105, "R10_2", 1321.3, 688.97, "B", "SMD", "VCC", "", "R", 44.59, 54.21, 0, 0],
		[106, "RGB_1", 905, 440, "T", "SMD", "RGB", "", "C", 70, 70, 0, 0],
		[107, "RGB_EXP_1", 651.57, 331.28, "T", "SMD", "RGB", "", "R", 23.62, 61.02, 0, 180],
		[108, "RGB_EXP_2", 690.95, 331.28, "T", "SMD", "3.3V", "", "R", 23.62, 61.02, 0, 180],
		[109, "RGB_EXP_3", 730.32, 331.28, "T", "SMD", "GND", "GND", "R", 23.62, 61.02, 0, 180],
		[110, "RGB_EXP_4", 769.69, 331.28, "T", "SMD", "RGB_EXP_4", "", "R", 23.62, 61.02, 0, 180],
		[111, "RGB_EXP_5", 809.06, 331.28, "T", "SMD", "RGB_EXP_5", "", "R", 23.62, 61.02, 0, 180],
		[112, "RGB_EXP_6", 848.43, 331.28, "T", "SMD", "+5V", "", "R", 23.62, 61.02, 0, 180],
		[113, "RGB_EXP_7", 899.6, 178.72, "T", "SMD", "RGB_EXP_7", "", "R", 59.05, 78.74, 0, 180],
		[114, "RGB_EXP_8", 600.39, 178.72, "T", "SMD", "RGB_EXP_8", "", "R", 59.05, 78.74, 0, 180],
		[115, "U1_1", 1309.33, 1511.3, "T", "SMD", "LAD0", "", "R", 78.74, 51.18, 0, 180],
		[116, "U1_2", 1309.33, 1411.3, "T", "SMD", "LAD1", "", "R", 78.74, 51.18, 0, 180],
		[117, "U1_3", 1309.33, 1311.3, "T", "SMD", "LAD2", "", "R", 78.74, 51.18, 0, 180],
		[118, "U1_4", 1309.33, 1211.3, "T", "SMD", "LAD3", "", "R", 78.74, 51.18, 0, 180],
		[119, "U1_5", 1309.33, 1111.3, "T", "SMD", "LCLK", "", "R", 78.74, 51.18, 0, 180],
		[120, "U1_6", 1309.33, 1011.3, "T", "SMD", "LFRAME", "", "R", 78.74, 51.18, 0, 180],
		[121, "U1_7", 1309.33, 911.3, "T", "SMD", "D0", "", "R", 78.74, 51.18, 0, 180],
		[122, "U1_8", 1309.33, 811.3, "T", "SMD", "RST", "", "R", 78.74, 51.18, 0, 180],
		[123, "U1_9", 1309.33, 711.3, "T", "SMD", "3.3V", "", "R", 78.74, 51.18, 0, 180],
		[124, "U1_10", 1155, 648.7, "T", "SMD", "U1_10", "", "R", 51.18, 78.74, 0, 180],
		[125, "U1_11", 1055, 648.7, "T", "SMD", "U1_11", "", "R", 51.18, 78.74, 0, 180],
		[126, "U1_12", 955, 648.7, "T", "SMD", "STS_LED", "", "R", 51.18, 78.74, 0, 180],
		[127, "U1_13", 855, 648.7, "T", "SMD", "EX_SDA", "", "R", 51.18, 78.74, 0, 180],
		[128, "U1_14", 755, 648.71, "T", "SMD", "EX_SCL", "", "R", 78.74, 51.18, 0, 90],
		[129, "U1_15", 600.67, 711.3, "T", "SMD", "DISP_SPI_TX", "", "R", 78.74, 51.18, 0, 180],
		[130, "U1_16", 600.67, 811.3, "T", "SMD", "DISP_SPI_SCK", "", "R", 78.74, 51.18, 0, 180],
		[131, "U1_17", 600.67, 911.3, "T", "SMD", "DISP_CSN2", "", "R", 78.74, 51.18, 0, 180],
		[132, "U1_18", 600.67, 1011.3, "T", "SMD", "DISP_CSN1", "", "R", 78.74, 51.18, 0, 180],
		[133, "U1_19", 600.67, 1111.3, "T", "SMD", "U1_19", "", "R", 78.74, 51.18, 0, 180],
		[134, "U1_20", 600.67, 1211.3, "T", "SMD", "U1_20", "", "R", 78.74, 51.18, 0, 180],
		[135, "U1_21", 600.67, 1311.3, "T", "SMD", "U1_21", "", "R", 78.74, 51.18, 0, 180],
		[136, "U1_22", 600.67, 1411.3, "T", "SMD", "GND", "GND", "R", 78.74, 51.18, 0, 180],
		[137, "U1_23", 600.67, 1511.3, "T", "SMD", "$1N2150", "", "R", 78.74, 51.18, 0, 180],
		[138, "U2_1", 998.27, 812.68, "B", "SMD", "VCC", "", "O", 10.63, 59.05, 0, 0],
		[139, "U2_2", 978.58, 812.68, "B", "SMD", "LED", "", "O", 10.63, 59.05, 0, 0],
		[140, "U2_3", 958.9, 812.68, "B", "SMD", "LED2", "", "O", 10.63, 59.05, 0, 0],
		[141, "U2_4", 939.21, 812.68, "B", "SMD", "U2_4", "", "O", 10.63, 59.05, 0, 0],
		[142, "U2_5", 919.53, 812.68, "B", "SMD", "U2_5", "", "O", 10.63, 59.05, 0, 0],
		[143, "U2_6", 899.84, 812.68, "B", "SMD", "OSC", "", "O", 10.63, 59.05, 0, 0],
		[144, "U2_7", 880.16, 812.68, "B", "SMD", "NRST", "", "O", 10.63, 59.05, 0, 0],
		[145, "U2_8", 860.47, 812.68, "B", "SMD", "GND", "GND", "O", 10.63, 59.05, 0, 0],
		[146, "U2_9", 840.79, 812.68, "B", "SMD", "VCC", "", "O", 10.63, 59.05, 0, 0],
		[147, "U2_10", 821.1, 812.68, "B", "SMD", "U2_10", "", "O", 10.63, 59.05, 0, 0],
		[148, "U2_11", 801.42, 812.68, "B", "SMD", "U2_11", "", "O", 10.63, 59.05, 0, 0],
		[149, "U2_12", 781.73, 812.68, "B", "SMD", "TX", "", "O", 10.63, 59.05, 0, 0],
		[150, "U2_13", 722.68, 871.73, "B", "SMD", "RX", "", "O", 59.05, 10.63, 0, 0],
		[151, "U2_14", 722.68, 891.42, "B", "SMD", "U2_14", "", "O", 59.05, 10.63, 0, 0],
		[152, "U2_15", 722.68, 911.1, "B", "SMD", "U2_15", "", "O", 59.05, 10.63, 0, 0],
		[153, "U2_16", 722.68, 930.79, "B", "SMD", "U2_16", "", "O", 59.05, 10.63, 0, 0],
		[154, "U2_17", 722.68, 950.47, "B", "SMD", "U2_17", "", "O", 59.05, 10.63, 0, 0],
		[155, "U2_18", 722.68, 970.16, "B", "SMD", "U2_18", "", "O", 59.05, 10.63, 0, 0],
		[156, "U2_19", 722.68, 989.84, "B", "SMD", "U2_19", "", "O", 59.05, 10.63, 0, 0],
		[157, "U2_20", 722.68, 1009.53, "B", "SMD", "U2_20", "", "O", 59.05, 10.63, 0, 0],
		[158, "U2_21", 722.68, 1029.21, "B", "SMD", "XSCL", "", "O", 59.05, 10.63, 0, 0],
		[159, "U2_22", 722.68, 1048.9, "B", "SMD", "XSDA", "", "O", 59.05, 10.63, 0, 0],
		[160, "U2_23", 722.68, 1068.58, "B", "SMD", "GND", "GND", "O", 59.05, 10.63, 0, 0],
		[161, "U2_24", 722.68, 1088.27, "B", "SMD", "VCC", "", "O", 59.05, 10.63, 0, 0],
		[162, "U2_25", 781.73, 1147.32, "B", "SMD", "U2_25", "", "O", 10.63, 59.05, 0, 0],
		[163, "U2_26", 801.42, 1147.32, "B", "SMD", "U2_26", "", "O", 10.63, 59.05, 0, 0],
		[164, "U2_27", 821.1, 1147.32, "B", "SMD", "U2_27", "", "O", 10.63, 59.05, 0, 0],
		[165, "U2_28", 840.79, 1147.32, "B", "SMD", "U2_28", "", "O", 10.63, 59.05, 0, 0],
		[166, "U2_29", 860.47, 1147.32, "B", "SMD", "U2_29", "", "O", 10.63, 59.05, 0, 0],
		[167, "U2_30", 880.16, 1147.32, "B", "SMD", "U2_30", "", "O", 10.63, 59.05, 0, 0],
		[168, "U2_31", 899.84, 1147.32, "B", "SMD", "U2_31", "", "O", 10.63, 59.05, 0, 0],
		[169, "U2_32", 919.53, 1147.32, "B", "SMD", "U2_32", "", "O", 10.63, 59.05, 0, 0],
		[170, "U2_33", 939.21, 1147.32, "B", "SMD", "U2_33", "", "O", 10.63, 59.05, 0, 0],
		[171, "U2_34", 958.9, 1147.32, "B", "SMD", "SWDIO", "", "O", 10.63, 59.05, 0, 0],
		[172, "U2_35", 978.58, 1147.32, "B", "SMD", "U2_35", "", "O", 10.63, 59.05, 0, 0],
		[173, "U2_36", 998.27, 1147.32, "B", "SMD", "INT", "", "O", 10.63, 59.05, 0, 0],
		[174, "U2_37", 1057.32, 1088.27, "B", "SMD", "SWCLK", "", "O", 59.05, 10.63, 0, 0],
		[175, "U2_38", 1057.32, 1068.58, "B", "SMD", "U2_38", "", "O", 59.05, 10.63, 0, 0],
		[176, "U2_39", 1057.32, 1048.9, "B", "SMD", "U2_39", "", "O", 59.05, 10.63, 0, 0],
		[177, "U2_40", 1057.32, 1029.21, "B", "SMD", "U2_40", "", "O", 59.05, 10.63, 0, 0],
		[178, "U2_41", 1057.32, 1009.53, "B", "SMD", "U2_41", "", "O", 59.05, 10.63, 0, 0],
		[179, "U2_42", 1057.32, 989.84, "B", "SMD", "SCL", "", "O", 59.05, 10.63, 0, 0],
		[180, "U2_43", 1057.32, 970.16, "B", "SMD", "SDA", "", "O", 59.05, 10.63, 0, 0],
		[181, "U2_44", 1057.32, 950.47, "B", "SMD", "$1N2228", "", "O", 59.05, 10.63, 0, 0],
		[182, "U2_45", 1057.32, 930.79, "B", "SMD", "U2_45", "", "O", 59.05, 10.63, 0, 0],
		[183, "U2_46", 1057.32, 911.1, "B", "SMD", "U2_46", "", "O", 59.05, 10.63, 0, 0],
		[184, "U2_47", 1057.32, 891.42, "B", "SMD", "GND", "GND", "O", 59.05, 10.63, 0, 0],
		[185, "U2_48", 1057.32, 871.73, "B", "SMD", "VCC", "", "O", 59.05, 10.63, 0, 0],
		[186, "U3_1", 1256.57, 1438.72, "B", "SMD", "GND", "GND", "R", 23.62, 61.02, 0, 180],
		[187, "U3_2", 1295.95, 1438.72, "B", "SMD", "LED", "", "R", 23.62, 61.02, 0, 180],
		[188, "U3_3", 1335.32, 1438.72, "B", "SMD", "U3_3", "", "R", 23.62, 61.02, 0, 180],
		[189, "U3_4", 1374.69, 1438.72, "B", "SMD", "SCL", "", "R", 23.62, 61.02, 0, 180],
		[190, "U3_5", 1414.06, 1438.72, "B", "SMD", "SDA", "", "R", 23.62, 61.02, 0, 180],
		[191, "U3_6", 1453.43, 1438.72, "B", "SMD", "INT", "", "R", 23.62, 61.02, 0, 180],
		[192, "U3_7", 1504.6, 1591.28, "B", "SMD", "U3_7", "", "R", 59.05, 78.74, 0, 180],
		[193, "U3_8", 1205.39, 1591.28, "B", "SMD", "U3_8", "", "R", 59.05, 78.74, 0, 180],
		[194, "U5_1", 298.81, 577.6, "B", "SMD", "$1N2142", "", "R", 43.31, 23.62, 0, 0],
		[195, "U5_2", 298.81, 615, "B", "SMD", "GND", "GND", "R", 43.31, 23.62, 0, 0],
		[196, "U5_3", 298.81, 652.4, "B", "SMD", "$1N2142", "", "R", 43.31, 23.62, 0, 0],
		[197, "U5_4", 401.19, 652.4, "B", "SMD", "U5_4", "", "R", 43.31, 23.62, 0, 0],
		[198, "U5_5", 401.19, 577.6, "B", "SMD", "VCC", "", "R", 43.31, 23.62, 0, 0]
	]
}
}