{
"lengthUnit": "mil",
"components": {
	"fields": ["COMPONENT_NO", "COMPONENT_NAME", "LAYER", "X_COORDINATE", "Y_COORDINATE", "ANGLE"],
	"rows": [
		[1, "3.3V", "B", 1144.84, 409.57, 180],
		[2, "5V", "T", 1625, 350, 0],
		[3, "5VN1", "B", 1049.84, 408.31, 180],
		[4, "C1", "B", 635, 535, 180],
		[5, "C2", "B", 635, 405, 180],
		[6, "C3", "B", 560, 765, 0],
		[7, "C4", "B", 565, 900, 180],
		[8, "C5", "B", 565, 1025, 180],
		[9, "C6", "B", 575, 1155, 0],
		[10, "D1", "T", 495, 605, 0],
		[11, "DISP", "T", 360, 255, 0],
		[12, "DO", "T", 275, 578.31, 0],
		[13, "EXP", "T", 1137.08, 253.72, 0],
		[14, "L1", "B", 348.02, 433.31, 180],
		[15, "LED1", "T", 1623.23, 565.81, 90],
		[16, "LED2", "T", 1477.08, 562.07, 90],
		[17, "LPC", "T", 345, 1155, 90],
		[18, "PROG", "T", 1590, 1210, 270],
		[19, "R1", "T", 1454.78, 1527, 90],
		[20, "R2", "T", 1454.78, 1357, 90],
		[21, "R3", "T", 1453.82, 1177, 90],
		[22, "R4", "T", 1455, 995, 90],
		[23, "R5", "T", 1610, 695, 0],
		[24, "R6", "T", 1475, 740, 90],
		[25, "R7", "B", 1285, 1230, 0],
		[26, "R8", "B", 1465.33, 1133.72, 0],
		[27, "R9", "B", 920, 645, 90],
		[28, "R10", "B", 1310, 985, 90],
		[29, "RGB", "T", 880, 440, 0],
		[30, "RGBN1", "T", 750, 255, 0],
		[31, "U1", "T", 955, 1080, 0],
		[32, "U2", "B", 905, 985, 180],
		[33, "U3", "B", 1355, 1515, 0],
		[34, "U4", "B", 345, 605, 180],
		[35, "VOUT", "B", 1099.84, 408.94, 180],
		[36, "PAD1", "B", 1345, 670, 0],
		[37, "PAD2", "B", 1423.41, 670, 0],
		[38, "PAD3", "B", 1345, 565, 0],
		[39, "PAD4", "B", 1424.16, 565, 0]
	]
},
"pins": {
	"fields": ["PIN_NO", "PIN_NAME", "PIN_X", "PIN_Y", "LAYER", "PIN_TYPE", "NET_NAME", "NET_TYPE", "PAD_SHAPE", "PAD_SIZEX", "PAD_SIZEY", "HOLE_SIZE", "PAD_ANGLE"],
	"rows": [
		[1, "3.3V_1", 1144.84, 409.57, "B", "SMD", "3.3V", "", "C", 19.68, 19.68, 0, 180],
		[2, "5V_1", 1625, 350, "T", "SMD", "+5V_STM", "", "O", 60, 120, 0, 0],
		[3, "5VN1_1", 1049.84, 408.31, "B", "SMD", "+5V", "", "C", 19.68, 19.68, 0, 180],
		[4, "C1_1", 674.37, 535, "B", "SMD", "GND", "GND", "R", 55.51, 53.15, 0, 0],
		[5, "C1_2", 595.63, 535, "B", "SMD", "+5V_STM", "", "R", 55.51, 53.15, 0, 0],
		[6, "C2_1", 674.37, 405, "B", "SMD", "GND", "GND", "R", 55.51, 53.15, 0, 0],
		[7, "C2_2", 595.63, 405, "B", "SMD", "VCC", "", "R", 55.51, 53.15, 0, 0],
		[8, "C3_1", 520.63, 765, "B", "SMD", "GND", "GND", "R", 55.51, 53.15, 0, 180],
		[9, "C3_2", 599.37, 765, "B", "SMD", "VCC", "", "R", 55.51, 53.15, 0, 180],
		[10, "C4_1", 604.37, 900, "B", "SMD", "VCC", "", "R", 55.51, 53.15, 0, 0],
		[11, "C4_2", 525.63, 900, "B", "SMD", "GND", "GND", "R", 55.51, 53.15, 0, 0],
		[12, "C5_1", 604.37, 1025, "B", "SMD", "VCC", "", "R", 55.51, 53.15, 0, 0],
		[13, "C5_2", 525.63, 1025, "B", "SMD", "GND", "GND", "R", 55.51, 53.15, 0, 0],
		[14, "C6_1", 535.63, 1155, "B", "SMD", "GND", "GND", "R", 55.51, 53.15, 0, 180],
		[15, "C6_2", 614.37, 1155, "B", "SMD", "VCC", "", "R", 55.51, 53.15, 0, 180],
		[16, "D1_1", 451.3, 604.99, "T", "SMD", "$1N2150", "", "R", 33.27, 16.54, 0, 180],
		[17, "D1_2", 538.7, 604.99, "T", "SMD", "+5V", "", "R", 33.27, 16.54, 0, 180],
		[18, "DISP_1", 261.57, 331.28, "T", "SMD", "VOUT", "", "R", 23.62, 61.02, 0, 180],
		[19, "DISP_2", 300.95, 331.28, "T", "SMD", "DISP_SPI_TX", "", "R", 23.62, 61.02, 0, 180],
		[20, "DISP_3", 340.32, 331.28, "T", "SMD", "DISP_SPI_SCK", "", "R", 23.62, 61.02, 0, 180],
		[21, "DISP_4", 379.69, 331.28, "T", "SMD", "DISP_CSN2", "", "R", 23.62, 61.02, 0, 180],
		[22, "DISP_5", 419.06, 331.28, "T", "SMD", "DISP_CSN1", "", "R", 23.62, 61.02, 0, 180],
		[23, "DISP_6", 458.43, 331.28, "T", "SMD", "GND", "GND", "R", 23.62, 61.02, 0, 180],
		[24, "DISP_7", 509.6, 178.72, "T", "SMD", "GND", "GND", "R", 59.05, 78.74, 0, 180],
		[25, "DISP_8", 210.39, 178.72, "T", "SMD", "GND", "GND", "R", 59.05, 78.74, 0, 180],
		[26, "DO_1", 275, 578.31, "T", "SMD", "D0", "", "C", 75, 75, 0, 0],
		[27, "EXP_1", 1038.65, 330, "T", "SMD", "GND", "GND", "R", 23.62, 61.02, 0, 180],
		[28, "EXP_2", 1078.03, 330, "T", "SMD", "XSCL", "", "R", 23.62, 61.02, 0, 180],
		[29, "EXP_3", 1117.4, 330, "T", "SMD", "EX_SDA", "", "R", 23.62, 61.02, 0, 180],
		[30, "EXP_4", 1156.77, 330, "T", "SMD", "EX_SCL", "", "R", 23.62, 61.02, 0, 180],
		[31, "EXP_5", 1196.14, 330, "T", "SMD", "XSDA", "", "R", 23.62, 61.02, 0, 180],
		[32, "EXP_6", 1235.51, 330, "T", "SMD", "+5V", "", "R", 23.62, 61.02, 0, 180],
		[33, "EXP_7", 1286.68, 177.44, "T", "SMD", "GND", "GND", "R", 59.05, 78.74, 0, 180],
		[34, "EXP_8", 987.47, 177.44, "T", "SMD", "GND", "GND", "R", 59.05, 78.74, 0, 180],
		[35, "L1_1", 386.06, 433.31, "B", "SMD", "+5V_STM", "", "R", 44.59, 54.21, 0, 0],
		[36, "L1_2", 309.98, 433.31, "B", "SMD", "+5V_STM", "", "R", 44.59, 54.21, 0, 0],
		[37, "LED1_1", 1623.23, 607.16, "T", "SMD", "LED2", "", "R", 39.37, 55.1, 0, 270],
		[38, "LED1_2", 1623.23, 524.46, "T", "SMD", "$1N4837", "", "R", 39.37, 55.1, 0, 270],
		[39, "LED2_1", 1477.08, 603.42, "T", "SMD", "$1N10058", "", "R", 39.37, 55.1, 0, 270],
		[40, "LED2_2", 1477.08, 520.72, "T", "SMD", "+5V", "", "R", 39.37, 55.1, 0, 270],
		[41, "LPC_1", 395, 805, "T", "DIP", "LCLK", "", "R", 70.87, 70.87, 39.37, 90],
		[42, "LPC_1", 395, 805, "B", "DIP", "LCLK", "", "R", 70.87, 70.87, 39.37, 90],
		[43, "LPC_2", 295, 805, "T", "DIP", "GND", "GND", "C", 70.87, 70.87, 39.37, 90],
		[44, "LPC_2", 295, 805, "B", "DIP", "GND", "GND", "C", 70.87, 70.87, 39.37, 90],
		[45, "LPC_3", 395, 905, "T", "DIP", "LFRAME", "", "C", 70.87, 70.87, 39.37, 90],
		[46, "LPC_3", 395, 905, "B", "DIP", "LFRAME", "", "C", 70.87, 70.87, 39.37, 90],
		[47, "LPC_4", 295, 905, "T", "DIP", "LPC_4", "", "C", 70.87, 70.87, 39.37, 90],
		[48, "LPC_4", 295, 905, "B", "DIP", "LPC_4", "", "C", 70.87, 70.87, 39.37, 90],
		[49, "LPC_5", 395, 1005, "T", "DIP", "RST", "", "C", 70.87, 70.87, 39.37, 90],
		[50, "LPC_5", 395, 1005, "B", "DIP", "RST", "", "C", 70.87, 70.87, 39.37, 90],
		[51, "LPC_6", 295, 1005, "T", "DIP", "+5V", "", "C", 70.87, 70.87, 39.37, 90],
		[52, "LPC_6", 295, 1005, "B", "DIP", "+5V", "", "C", 70.87, 70.87, 39.37, 90],
		[53, "LPC_7", 395, 1105, "T", "DIP", "$1N2232", "", "C", 70.87, 70.87, 39.37, 90],
		[54, "LPC_7", 395, 1105, "B", "DIP", "$1N2232", "", "C", 70.87, 70.87, 39.37, 90],
		[55, "LPC_8", 295, 1105, "T", "DIP", "$1N5022", "", "C", 70.87, 70.87, 39.37, 90],
		[56, "LPC_8", 295, 1105, "B", "DIP", "$1N5022", "", "C", 70.87, 70.87, 39.37, 90],
		[57, "LPC_9", 395, 1205, "T", "DIP", "3.3V", "", "C", 70.87, 70.87, 39.37, 90],
		[58, "LPC_9", 395, 1205, "B", "DIP", "3.3V", "", "C", 70.87, 70.87, 39.37, 90],
		[59, "LPC_10", 295, 1205, "T", "DIP", "$1N5016", "", "C", 70.87, 70.87, 39.37, 90],
		[60, "LPC_10", 295, 1205, "B", "DIP", "$1N5016", "", "C", 70.87, 70.87, 39.37, 90],
		[61, "LPC_11", 395, 1305, "T", "DIP", "$1N2231", "", "C", 70.87, 70.87, 39.37, 90],
		[62, "LPC_11", 395, 1305, "B", "DIP", "$1N2231", "", "C", 70.87, 70.87, 39.37, 90],
		[63, "LPC_12", 295, 1305, "T", "DIP", "GND", "GND", "C", 70.87, 70.87, 39.37, 90],
		[64, "LPC_12", 295, 1305, "B", "DIP", "GND", "GND", "C", 70.87, 70.87, 39.37, 90],
		[65, "LPC_13", 395, 1405, "T", "DIP", "XSCL", "", "C", 70.87, 70.87, 39.37, 90],
		[66, "LPC_13", 395, 1405, "B", "DIP", "XSCL", "", "C", 70.87, 70.87, 39.37, 90],
		[67, "LPC_14", 295, 1405, "T", "DIP", "XSDA", "", "C", 70.87, 70.87, 39.37, 90],
		[68, "LPC_14", 295, 1405, "B", "DIP", "XSDA", "", "C", 70.87, 70.87, 39.37, 90],
		[69, "LPC_15", 395, 1505, "T", "DIP", "3.3V", "", "C", 70.87, 70.87, 39.37, 90],
		[70, "LPC_15", 395, 1505, "B", "DIP", "3.3V", "", "C", 70.87, 70.87, 39.37, 90],
		[71, "LPC_16", 295, 1505, "T", "DIP", "LPC_16", "", "C", 70.87, 70.87, 39.37, 90],
		[72, "LPC_16", 295, 1505, "B", "DIP", "LPC_16", "", "C", 70.87, 70.87, 39.37, 90],
		[73, "PROG_1", 1590, 1560, "T", "DIP", "SWCLK", "", "R", 59.05, 59.05, 39.37, 270],
		[74, "PROG_1", 1590, 1560, "B", "DIP", "SWCLK", "", "R", 59.05, 59.05, 39.37, 270],
		[75, "PROG_2", 1590, 1460, "T", "DIP", "SWDIO", "", "C", 59.05, 59.05, 39.37, 270],
		[76, "PROG_2", 1590, 1460, "B", "DIP", "SWDIO", "", "C", 59.05, 59.05, 39.37, 270],
		[77, "PROG_3", 1590, 1360, "T", "DIP", "NRST", "", "C", 59.05, 59.05, 39.37, 270],
		[78, "PROG_3", 1590, 1360, "B", "DIP", "NRST", "", "C", 59.05, 59.05, 39.37, 270],
		[79, "PROG_4", 1590, 1260, "T", "DIP", "OSC", "", "C", 59.05, 59.05, 39.37, 270],
		[80, "PROG_4", 1590, 1260, "B", "DIP", "OSC", "", "C", 59.05, 59.05, 39.37, 270],
		[81, "PROG_5", 1590, 1160, "T", "DIP", "TX", "", "C", 59.05, 59.05, 39.37, 270],
		[82, "PROG_5", 1590, 1160, "B", "DIP", "TX", "", "C", 59.05, 59.05, 39.37, 270],
		[83, "PROG_6", 1590, 1060, "T", "DIP", "RX", "", "C", 59.05, 59.05, 39.37, 270],
		[84, "PROG_6", 1590, 1060, "B", "DIP", "RX", "", "C", 59.05, 59.05, 39.37, 270],
		[85, "PROG_7", 1590, 960, "T", "DIP", "GND", "GND", "C", 59.05, 59.05, 39.37, 270],
		[86, "PROG_7", 1590, 960, "B", "DIP", "GND", "GND", "C", 59.05, 59.05, 39.37, 270],
		[87, "PROG_8", 1590, 860, "T", "DIP", "VCC", "", "C", 59.05, 59.05, 39.37, 270],
		[88, "PROG_8", 1590, 860, "B", "DIP", "VCC", "", "C", 59.05, 59.05, 39.37, 270],
		[89, "R1_1", 1454.78, 1487.63, "T", "SMD", "LAD1", "", "R", 44.59, 54.21, 0, 270],
		[90, "R1_2", 1454.78, 1566.37, "T", "SMD", "$1N5016", "", "R", 44.59, 54.21, 0, 270],
		[91, "R2_1", 1454.78, 1317.63, "T", "SMD", "LAD2", "", "R", 44.59, 54.21, 0, 270],
		[92, "R2_2", 1454.78, 1396.37, "T", "SMD", "$1N5022", "", "R", 44.59, 54.21, 0, 270],
		[93, "R3_1", 1453.82, 1137.63, "T", "SMD", "$1N2231", "", "R", 44.59, 54.21, 0, 270],
		[94, "R3_2", 1453.82, 1216.37, "T", "SMD", "LAD0", "", "R", 44.59, 54.21, 0, 270],
		[95, "R4_1", 1455, 955.63, "T", "SMD", "$1N2232", "", "R", 44.59, 54.21, 0, 270],
		[96, "R4_2", 1455, 1034.37, "T", "SMD", "LAD3", "", "R", 44.59, 54.21, 0, 270],
		[97, "R5_1", 1570.63, 695, "T", "SMD", "GND", "GND", "R", 44.59, 54.21, 0, 0],
		[98, "R5_2", 1649.37, 695, "T", "SMD", "$1N4837", "", "R", 44.59, 54.21, 0, 0],
		[99, "R6_1", 1475, 700.63, "T", "SMD", "STS_LED", "", "R", 44.59, 54.21, 0, 90],
		[100, "R6_2", 1475, 779.37, "T", "SMD", "$1N10058", "", "R", 44.59, 54.21, 0, 90],
		[101, "R7_1", 1245.63, 1230, "B", "SMD", "VCC", "", "R", 44.59, 54.21, 0, 180],
		[102, "R7_2", 1324.37, 1230, "B", "SMD", "SCL", "", "R", 44.59, 54.21, 0, 180],
		[103, "R8_1", 1425.96, 1133.72, "B", "SMD", "SDA", "", "R", 44.59, 54.21, 0, 180],
		[104, "R8_2", 1504.7, 1133.72, "B", "SMD", "VCC", "", "R", 44.59, 54.21, 0, 180],
		[105, "R9_1", 920, 605.63, "B", "SMD", "VCC", "", "R", 44.59, 54.21, 0, 270],
		[106, "R9_2", 920, 684.37, "B", "SMD", "NRST", "", "R", 44.59, 54.21, 0, 270],
		[107, "R10_1", 1310, 945.63, "B", "SMD", "BOOT0", "", "R", 44.59, 54.21, 0, 270],
		[108, "R10_2", 1310, 1024.37, "B", "SMD", "GND", "GND", "R", 44.59, 54.21, 0, 270],
		[109, "RGB_1", 880, 440, "T", "SMD", "RGB", "", "O", 120, 60, 0, 0],
		[110, "RGBN1_1", 651.57, 331.28, "T", "SMD", "RGB", "", "R", 23.62, 61.02, 0, 180],
		[111, "RGBN1_2", 690.95, 331.28, "T", "SMD", "3.3V", "", "R", 23.62, 61.02, 0, 180],
		[112, "RGBN1_3", 730.32, 331.28, "T", "SMD", "GND", "GND", "R", 23.62, 61.02, 0, 180],
		[113, "RGBN1_4", 769.69, 331.28, "T", "SMD", "GND", "GND", "R", 23.62, 61.02, 0, 180],
		[114, "RGBN1_5", 809.06, 331.28, "T", "SMD", "GND", "GND", "R", 23.62, 61.02, 0, 180],
		[115, "RGBN1_6", 848.43, 331.28, "T", "SMD", "+5V", "", "R", 23.62, 61.02, 0, 180],
		[116, "RGBN1_7", 899.6, 178.72, "T", "SMD", "GND", "GND", "R", 59.05, 78.74, 0, 180],
		[117, "RGBN1_8", 600.39, 178.72, "T", "SMD", "GND", "GND", "R", 59.05, 78.74, 0, 180],
		[118, "U1_1", 1309.33, 1511.3, "T", "SMD", "LAD0", "", "R", 78.74, 51.18, 0, 180],
		[119, "U1_2", 1309.33, 1411.3, "T", "SMD", "LAD1", "", "R", 78.74, 51.18, 0, 180],
		[120, "U1_3", 1309.33, 1311.3, "T", "SMD", "LAD2", "", "R", 78.74, 51.18, 0, 180],
		[121, "U1_4", 1309.33, 1211.3, "T", "SMD", "LAD3", "", "R", 78.74, 51.18, 0, 180],
		[122, "U1_5", 1309.33, 1111.3, "T", "SMD", "LCLK", "", "R", 78.74, 51.18, 0, 180],
		[123, "U1_6", 1309.33, 1011.3, "T", "SMD", "LFRAME", "", "R", 78.74, 51.18, 0, 180],
		[124, "U1_7", 1309.33, 911.3, "T", "SMD", "D0", "", "R", 78.74, 51.18, 0, 180],
		[125, "U1_8", 1309.33, 811.3, "T", "SMD", "RST", "", "R", 78.74, 51.18, 0, 180],
		[126, "U1_9", 1309.33, 711.3, "T", "SMD", "3.3V", "", "R", 78.74, 51.18, 0, 180],
		[127, "U1_10", 1155, 648.7, "T", "SMD", "U1_10", "", "R", 51.18, 78.74, 0, 180],
		[128, "U1_11", 1055, 648.7, "T", "SMD", "U1_11", "", "R", 51.18, 78.74, 0, 180],
		[129, "U1_12", 955, 648.7, "T", "SMD", "STS_LED", "", "R", 51.18, 78.74, 0, 180],
		[130, "U1_13", 855, 648.7, "T", "SMD", "EX_SDA", "", "R", 51.18, 78.74, 0, 180],
		[131, "U1_14", 755, 648.71, "T", "SMD", "EX_SCL", "", "R", 78.74, 51.18, 0, 90],
		[132, "U1_15", 600.67, 711.3, "T", "SMD", "DISP_SPI_TX", "", "R", 78.74, 51.18, 0, 180],
		[133, "U1_16", 600.67, 811.3, "T", "SMD", "DISP_SPI_SCK", "", "R", 78.74, 51.18, 0, 180],
		[134, "U1_17", 600.67, 911.3, "T", "SMD", "DISP_CSN2", "", "R", 78.74, 51.18, 0, 180],
		[135, "U1_18", 600.67, 1011.3, "T", "SMD", "DISP_CSN1", "", "R", 78.74, 51.18, 0, 180],
		[136, "U1_19", 600.67, 1111.3, "T", "SMD", "U1_19", "", "R", 78.74, 51.18, 0, 180],
		[137, "U1_20", 600.67, 1211.3, "T", "SMD", "U1_20", "", "R", 78.74, 51.18, 0, 180],
		[138, "U1_21", 600.67, 1311.3, "T", "SMD", "U1_21", "", "R", 78.74, 51.18, 0, 180],
		[139, "U1_22", 600.67, 1411.3, "T", "SMD", "GND", "GND", "R", 78.74, 51.18, 0, 180],
		[140, "U1_23", 600.67, 1511.3, "T", "SMD", "$1N2150", "", "R", 78.74, 51.18, 0, 180],
		[141, "U2_1", 1013.27, 817.68, "B", "SMD", "VCC", "", "O", 10.63, 59.05, 0, 0],
		[142, "U2_2", 993.58, 817.68, "B", "SMD", "LED", "", "O", 10.63, 59.05, 0, 0],
		[143, "U2_3", 973.9, 817.68, "B", "SMD", "LED2", "", "O", 10.63, 59.05, 0, 0],
		[144, "U2_4", 954.21, 817.68, "B", "SMD", "U2_4", "", "O", 10.63, 59.05, 0, 0],
		[145, "U2_5", 934.53, 817.68, "B", "SMD", "U2_5", "", "O", 10.63, 59.05, 0, 0],
		[146, "U2_6", 914.84, 817.68, "B", "SMD", "OSC", "", "O", 10.63, 59.05, 0, 0],
		[147, "U2_7", 895.16, 817.68, "B", "SMD", "NRST", "", "O", 10.63, 59.05, 0, 0],
		[148, "U2_8", 875.47, 817.68, "B", "SMD", "GND", "GND", "O", 10.63, 59.05, 0, 0],
		[149, "U2_9", 855.79, 817.68, "B", "SMD", "VCC", "", "O", 10.63, 59.05, 0, 0],
		[150, "U2_10", 836.1, 817.68, "B", "SMD", "U2_10", "", "O", 10.63, 59.05, 0, 0],
		[151, "U2_11", 816.42, 817.68, "B", "SMD", "U2_11", "", "O", 10.63, 59.05, 0, 0],
		[152, "U2_12", 796.73, 817.68, "B", "SMD", "TX", "", "O", 10.63, 59.05, 0, 0],
		[153, "U2_13", 737.68, 876.73, "B", "SMD", "RX", "", "O", 59.05, 10.63, 0, 0],
		[154, "U2_14", 737.68, 896.42, "B", "SMD", "U2_14", "", "O", 59.05, 10.63, 0, 0],
		[155, "U2_15", 737.68, 916.1, "B", "SMD", "U2_15", "", "O", 59.05, 10.63, 0, 0],
		[156, "U2_16", 737.68, 935.79, "B", "SMD", "U2_16", "", "O", 59.05, 10.63, 0, 0],
		[157, "U2_17", 737.68, 955.47, "B", "SMD", "U2_17", "", "O", 59.05, 10.63, 0, 0],
		[158, "U2_18", 737.68, 975.16, "B", "SMD", "U2_18", "", "O", 59.05, 10.63, 0, 0],
		[159, "U2_19", 737.68, 994.84, "B", "SMD", "U2_19", "", "O", 59.05, 10.63, 0, 0],
		[160, "U2_20", 737.68, 1014.53, "B", "SMD", "U2_20", "", "O", 59.05, 10.63, 0, 0],
		[161, "U2_21", 737.68, 1034.21, "B", "SMD", "XSCL1", "", "O", 59.05, 10.63, 0, 0],
		[162, "U2_22", 737.68, 1053.9, "B", "SMD", "XSDA1", "", "O", 59.05, 10.63, 0, 0],
		[163, "U2_23", 737.68, 1073.58, "B", "SMD", "GND", "GND", "O", 59.05, 10.63, 0, 0],
		[164, "U2_24", 737.68, 1093.27, "B", "SMD", "VCC", "", "O", 59.05, 10.63, 0, 0],
		[165, "U2_25", 796.73, 1152.32, "B", "SMD", "U2_25", "", "O", 10.63, 59.05, 0, 0],
		[166, "U2_26", 816.42, 1152.32, "B", "SMD", "U2_26", "", "O", 10.63, 59.05, 0, 0],
		[167, "U2_27", 836.1, 1152.32, "B", "SMD", "U2_27", "", "O", 10.63, 59.05, 0, 0],
		[168, "U2_28", 855.79, 1152.32, "B", "SMD", "U2_28", "", "O", 10.63, 59.05, 0, 0],
		[169, "U2_29", 875.47, 1152.32, "B", "SMD", "U2_29", "", "O", 10.63, 59.05, 0, 0],
		[170, "U2_30", 895.16, 1152.32, "B", "SMD", "U2_30", "", "O", 10.63, 59.05, 0, 0],
		[171, "U2_31", 914.84, 1152.32, "B", "SMD", "U2_31", "", "O", 10.63, 59.05, 0, 0],
		[172, "U2_32", 934.53, 1152.32, "B", "SMD", "U2_32", "", "O", 10.63, 59.05, 0, 0],
		[173, "U2_33", 954.21, 1152.32, "B", "SMD", "U2_33", "", "O", 10.63, 59.05, 0, 0],
		[174, "U2_34", 973.9, 1152.32, "B", "SMD", "SWDIO", "", "O", 10.63, 59.05, 0, 0],
		[175, "U2_35", 993.58, 1152.32, "B", "SMD", "U2_35", "", "O", 10.63, 59.05, 0, 0],
		[176, "U2_36", 1013.27, 1152.32, "B", "SMD", "INT", "", "O", 10.63, 59.05, 0, 0],
		[177, "U2_37", 1072.32, 1093.27, "B", "SMD", "SWCLK", "", "O", 59.05, 10.63, 0, 0],
		[178, "U2_38", 1072.32, 1073.58, "B", "SMD", "U2_38", "", "O", 59.05, 10.63, 0, 0],
		[179, "U2_39", 1072.32, 1053.9, "B", "SMD", "U2_39", "", "O", 59.05, 10.63, 0, 0],
		[180, "U2_40", 1072.32, 1034.21, "B", "SMD", "U2_40", "", "O", 59.05, 10.63, 0, 0],
		[181, "U2_41", 1072.32, 1014.53, "B", "SMD", "U2_41", "", "O", 59.05, 10.63, 0, 0],
		[182, "U2_42", 1072.32, 994.84, "B", "SMD", "SCL", "", "O", 59.05, 10.63, 0, 0],
		[183, "U2_43", 1072.32, 975.16, "B", "SMD", "SDA", "", "O", 59.05, 10.63, 0, 0],
		[184, "U2_44", 1072.32, 955.47, "B", "SMD", "BOOT0", "", "O", 59.05, 10.63, 0, 0],
		[185, "U2_45", 1072.32, 935.79, "B", "SMD", "U2_45", "", "O", 59.05, 10.63, 0, 0],
		[186, "U2_46", 1072.32, 916.1, "B", "SMD", "U2_46", "", "O", 59.05, 10.63, 0, 0],
		[187, "U2_47", 1072.32, 896.42, "B", "SMD", "GND", "GND", "O", 59.05, 10.63, 0, 0],
		[188, "U2_48", 1072.32, 876.73, "B", "SMD", "VCC", "", "O", 59.05, 10.63, 0, 0],
		[189, "U3_1", 1256.57, 1438.72, "B", "SMD", "GND", "GND", "R", 23.62, 61.02, 0, 180],
		[190, "U3_2", 1295.95, 1438.72, "B", "SMD", "LED", "", "R", 23.62, 61.02, 0, 180],
		[191, "U3_3", 1335.32, 1438.72, "B", "SMD", "SCL", "", "R", 23.62, 61.02, 0, 180],
		[192, "U3_4", 1374.69, 1438.72, "B", "SMD", "SCL", "", "R", 23.62, 61.02, 0, 180],
		[193, "U3_5", 1414.06, 1438.72, "B", "SMD", "SDA", "", "R", 23.62, 61.02, 0, 180],
		[194, "U3_6", 1453.43, 1438.72, "B", "SMD", "INT", "", "R", 23.62, 61.02, 0, 180],
		[195, "U3_7", 1504.6, 1591.28, "B", "SMD", "GND", "GND", "R", 59.05, 78.74, 0, 180],
		[196, "U3_8", 1205.39, 1591.28, "B", "SMD", "GND", "GND", "R", 59.05, 78.74, 0, 180],
		[197, "U4_1", 395.05, 642.4, "B", "SMD", "+5V_STM", "", "R", 21.65, 39.37, 0, 270],
		[198, "U4_2", 395.05, 605, "B", "SMD", "GND", "GND", "R", 21.65, 39.37, 0, 270],
		[199, "U4_3", 395.05, 567.6, "B", "SMD", "+5V_STM", "", "R", 21.65, 39.37, 0, 270],
		[200, "U4_4", 294.95, 567.6, "B", "SMD", "U4_4", "", "R", 21.65, 39.37, 0, 270],
		[201, "U4_5", 294.95, 642.4, "B", "SMD", "VCC", "", "R", 21.65, 39.37, 0, 270],
		[202, "VOUT_1", 1099.84, 408.94, "B", "SMD", "VOUT", "", "C", 19.68, 19.68, 0, 180],
		[203, "PAD1_1", 1345, 670, "B", "SMD", "XSDA", "", "C", 60, 60, 0, 0],
		[204, "PAD2_2", 1423.41, 670, "B", "SMD", "XSDA1", "", "C", 60, 60, 0, 0],
		[205, "PAD3_3", 1345, 565, "B", "SMD", "XSCL", "", "C", 60, 60, 0, 0],
		[206, "PAD4_4", 1424.16, 565, "B", "SMD", "XSCL1", "", "C", 60, 60, 0, 0]
	]
}
}