{
"lengthUnit": "mil",
"components": {
	"fields": ["COMPONENT_NO", "COMPONENT_NAME", "LAYER", "X_COORDINATE", "Y_COORDINATE", "ANGLE"],
	"rows": [
		[1, "C1", "B", 542.97, 605.63, 270],
		[2, "C2", "B", 673, 600.63, 270],
		[3, "C3", "B", 806.8, 596.6, 270],
		[4, "C4", "B", 932.1, 596.6, 270],
		[5, "C5", "B", 570, 395, 180],
		[6, "C6", "B", 1355, 645, 180],
		[7, "D1", "T", 440, 500, 0],
		[8, "DISP1", "T", 350, 255, 0],
		[9, "DO1", "T", 270, 640, 0],
		[10, "i2c_EXP1", "T", 1165, 255, 0],
		[11, "L1", "B", 320, 445, 180],
		[12, "LED1", "T", 1578.23, 385.81, 0],
		[13, "LED2", "T", 1580, 590, 0],
		[14, "LPC1", "T", 335, 1160, 90],
		[15, "PROG1", "T", 1595, 1155, 270],
		[16, "R1", "T", 1459.78, 1442, 90],
		[17, "R2", "T", 1460, 1270, 90],
		[18, "R3", "T", 1460, 1100, 90],
		[19, "R4", "T", 1460, 930, 90],
		[20, "R5", "T", 1545, 225, 0],
		[21, "R6", "T", 1400, 460, 90],
		[22, "R7", "B", 1325.33, 1224.1, 180],
		[23, "R8", "B", 1335.33, 958.72, 180],
		[24, "R9", "B", 1325.67, 1079.55, 180],
		[25, "R10", "B", 1340.67, 793.97, 180],
		[26, "RGB1", "T", 920, 425.63, 0],
		[27, "RGB_EXP1", "T", 755, 255, 0],
		[28, "U1", "T", 970, 1045, 0],
		[29, "U2", "B", 940, 995, 180],
		[30, "U3", "B", 1335, 1515, 0],
		[31, "U5", "B", 340, 615, 180]
	]
},
"pins": {
	"fields": ["PIN_NO", "PIN_NAME", "PIN_X", "PIN_Y", "LAYER", "PIN_TYPE", "NET_NAME", "NET_TYPE", "PAD_SHAPE", "PAD_SIZEX", "PAD_SIZEY", "HOLE_SIZE", "PAD_ANGLE"],
	"rows": [
		[1, "C1_1", 542.97, 645, "B", "SMD", "GND", "GND", "R", 55.51, 53.15, 0, 90],
		[2, "C1_2", 542.97, 566.26, "B", "SMD", "$1N2142", "", "R", 55.51, 53.15, 0, 90],
		[3, "C2_1", 673, 640, "B", "SMD", "GND", "GND", "R", 55.51, 53.15, 0, 90],
		[4, "C2_2", 673, 561.26, "B", "SMD", "VCC", "", "R", 55.51, 53.15, 0, 90],
		[5, "C3_1", 806.8, 635.97, "B", "SMD", "GND", "GND", "R", 55.51, 53.15, 0, 90],
		[6, "C3_2", 806.8, 557.23, "B", "SMD", "VCC", "", "R", 55.51, 53.15, 0, 90],
		[7, "C4_1", 932.1, 635.97, "B", "SMD", "VCC", "", "R", 55.51, 53.15, 0, 90],
		[8, "C4_2", 932.1, 557.23, "B", "SMD", "GND", "GND", "R", 55.51, 53.15, 0, 90],
		[9, "C5_1", 609.37, 395, "B", "SMD", "VCC", "", "R", 55.51, 53.15, 0, 0],
		[10, "C5_2", 530.63, 395, "B", "SMD", "GND", "GND", "R", 55.51, 53.15, 0, 0],
		[11, "C6_1", 1394.37, 645, "B", "SMD", "GND", "GND", "R", 55.51, 53.15, 0, 0],
		[12, "C6_2", 1315.63, 645, "B", "SMD", "VCC", "", "R", 55.51, 53.15, 0, 0],
		[13, "D1_1", 396.3, 499.99, "T", "SMD", "$1N2150", "", "R", 33.27, 16.54, 0, 180],
		[14, "D1_2", 483.7, 499.99, "T", "SMD", "+5V", "", "R", 33.27, 16.54, 0, 180],
		[15, "DISP1_1", 251.57, 331.28, "T", "SMD", "+5V", "", "R", 23.62, 61.02, 0, 180],
		[16, "DISP1_2", 290.95, 331.28, "T", "SMD", "DISP_SPI_TX", "", "R", 23.62, 61.02, 0, 180],
		[17, "DISP1_3", 330.32, 331.28, "T", "SMD", "DISP_SPI_SCK", "", "R", 23.62, 61.02, 0, 180],
		[18, "DISP1_4", 369.69, 331.28, "T", "SMD", "DISP_CSN2", "", "R", 23.62, 61.02, 0, 180],
		[19, "DISP1_5", 409.06, 331.28, "T", "SMD", "DISP_CSN1", "", "R", 23.62, 61.02, 0, 180],
		[20, "DISP1_6", 448.43, 331.28, "T", "SMD", "GND", "GND", "R", 23.62, 61.02, 0, 180],
		[21, "DISP1_7", 499.6, 178.72, "T", "SMD", "DISP1_7", "", "R", 59.05, 78.74, 0, 180],
		[22, "DISP1_8", 200.39, 178.72, "T", "SMD", "DISP1_8", "", "R", 59.05, 78.74, 0, 180],
		[23, "DO1_1", 270, 640, "T", "SMD", "D0", "", "C", 75, 75, 0, 0],
		[24, "i2c_EXP1_1", 1066.57, 331.28, "T", "SMD", "GND", "GND", "R", 23.62, 61.02, 0, 180],
		[25, "i2c_EXP1_2", 1105.95, 331.28, "T", "SMD", "i2c_EXP1_2", "", "R", 23.62, 61.02, 0, 180],
		[26, "i2c_EXP1_3", 1145.32, 331.28, "T", "SMD", "EX_SDA", "", "R", 23.62, 61.02, 0, 180],
		[27, "i2c_EXP1_4", 1184.69, 331.28, "T", "SMD", "EX_SCL", "", "R", 23.62, 61.02, 0, 180],
		[28, "i2c_EXP1_5", 1224.06, 331.28, "T", "SMD", "i2c_EXP1_5", "", "R", 23.62, 61.02, 0, 180],
		[29, "i2c_EXP1_6", 1263.43, 331.28, "T", "SMD", "+5V", "", "R", 23.62, 61.02, 0, 180],
		[30, "i2c_EXP1_7", 1314.6, 178.72, "T", "SMD", "i2c_EXP1_7", "", "R", 59.05, 78.74, 0, 180],
		[31, "i2c_EXP1_8", 1015.39, 178.72, "T", "SMD", "i2c_EXP1_8", "", "R", 59.05, 78.74, 0, 180],
		[32, "L1_1", 358.04, 445, "B", "SMD", "+5V", "", "R", 44.59, 54.21, 0, 0],
		[33, "L1_2", 281.96, 445, "B", "SMD", "$1N2142", "", "R", 44.59, 54.21, 0, 0],
		[34, "LED1_1", 1619.58, 385.81, "T", "SMD", "LED2", "", "R", 39.37, 55.1, 0, 180],
		[35, "LED1_2", 1536.88, 385.81, "T", "SMD", "$1N2151", "", "R", 39.37, 55.1, 0, 180],
		[36, "LED2_1", 1621.35, 590, "T", "SMD", "STS_LED", "", "R", 39.37, 55.1, 0, 180],
		[37, "LED2_2", 1538.65, 590, "T", "SMD", "$1N2227", "", "R", 39.37, 55.1, 0, 180],
		[38, "LPC1_1", 385, 810, "T", "DIP", "LCLK", "", "R", 70.87, 70.87, 39.37, 90],
		[39, "LPC1_1", 385, 810, "B", "DIP", "LCLK", "", "R", 70.87, 70.87, 39.37, 90],
		[40, "LPC1_2", 285, 810, "T", "DIP", "GND", "GND", "C", 70.87, 70.87, 39.37, 90],
		[41, "LPC1_2", 285, 810, "B", "DIP", "GND", "GND", "C", 70.87, 70.87, 39.37, 90],
		[42, "LPC1_3", 385, 910, "T", "DIP", "LFRAME", "", "C", 70.87, 70.87, 39.37, 90],
		[43, "LPC1_3", 385, 910, "B", "DIP", "LFRAME", "", "C", 70.87, 70.87, 39.37, 90],
		[44, "LPC1_4", 285, 910, "T", "DIP", "LPC1_4", "", "C", 70.87, 70.87, 39.37, 90],
		[45, "LPC1_4", 285, 910, "B", "DIP", "LPC1_4", "", "C", 70.87, 70.87, 39.37, 90],
		[46, "LPC1_5", 385, 1010, "T", "DIP", "RST", "", "C", 70.87, 70.87, 39.37, 90],
		[47, "LPC1_5", 385, 1010, "B", "DIP", "RST", "", "C", 70.87, 70.87, 39.37, 90],
		[48, "LPC1_6", 285, 1010, "T", "DIP", "+5V", "", "C", 70.87, 70.87, 39.37, 90],
		[49, "LPC1_6", 285, 1010, "B", "DIP", "+5V", "", "C", 70.87, 70.87, 39.37, 90],
		[50, "LPC1_7", 385, 1110, "T", "DIP", "$1N2232", "", "C", 70.87, 70.87, 39.37, 90],
		[51, "LPC1_7", 385, 1110, "B", "DIP", "$1N2232", "", "C", 70.87, 70.87, 39.37, 90],
		[52, "LPC1_8", 285, 1110, "T", "DIP", "$1N2230", "", "C", 70.87, 70.87, 39.37, 90],
		[53, "LPC1_8", 285, 1110, "B", "DIP", "$1N2230", "", "C", 70.87, 70.87, 39.37, 90],
		[54, "LPC1_9", 385, 1210, "T", "DIP", "3.3V", "", "C", 70.87, 70.87, 39.37, 90],
		[55, "LPC1_9", 385, 1210, "B", "DIP", "3.3V", "", "C", 70.87, 70.87, 39.37, 90],
		[56, "LPC1_10", 285, 1210, "T", "DIP", "$1N2229", "", "C", 70.87, 70.87, 39.37, 90],
		[57, "LPC1_10", 285, 1210, "B", "DIP", "$1N2229", "", "C", 70.87, 70.87, 39.37, 90],
		[58, "LPC1_11", 385, 1310, "T", "DIP", "$1N2231", "", "C", 70.87, 70.87, 39.37, 90],
		[59, "LPC1_11", 385, 1310, "B", "DIP", "$1N2231", "", "C", 70.87, 70.87, 39.37, 90],
		[60, "LPC1_12", 285, 1310, "T", "DIP", "GND", "GND", "C", 70.87, 70.87, 39.37, 90],
		[61, "LPC1_12", 285, 1310, "B", "DIP", "GND", "GND", "C", 70.87, 70.87, 39.37, 90],
		[62, "LPC1_13", 385, 1410, "T", "DIP", "XSDA", "", "C", 70.87, 70.87, 39.37, 90],
		[63, "LPC1_13", 385, 1410, "B", "DIP", "XSDA", "", "C", 70.87, 70.87, 39.37, 90],
		[64, "LPC1_14", 285, 1410, "T", "DIP", "XSCL", "", "C", 70.87, 70.87, 39.37, 90],
		[65, "LPC1_14", 285, 1410, "B", "DIP", "XSCL", "", "C", 70.87, 70.87, 39.37, 90],
		[66, "LPC1_15", 385, 1510, "T", "DIP", "LPC1_15", "", "C", 70.87, 70.87, 39.37, 90],
		[67, "LPC1_15", 385, 1510, "B", "DIP", "LPC1_15", "", "C", 70.87, 70.87, 39.37, 90],
		[68, "LPC1_16", 285, 1510, "T", "DIP", "LPC1_16", "", "C", 70.87, 70.87, 39.37, 90],
		[69, "LPC1_16", 285, 1510, "B", "DIP", "LPC1_16", "", "C", 70.87, 70.87, 39.37, 90],
		[70, "PROG1_1", 1595, 1505, "T", "DIP", "SWCLK", "", "R", 59.05, 59.05, 39.37, 270],
		[71, "PROG1_1", 1595, 1505, "B", "DIP", "SWCLK", "", "R", 59.05, 59.05, 39.37, 270],
		[72, "PROG1_2", 1595, 1405, "T", "DIP", "SWDIO", "", "C", 59.05, 59.05, 39.37, 270],
		[73, "PROG1_2", 1595, 1405, "B", "DIP", "SWDIO", "", "C", 59.05, 59.05, 39.37, 270],
		[74, "PROG1_3", 1595, 1305, "T", "DIP", "NRST", "", "C", 59.05, 59.05, 39.37, 270],
		[75, "PROG1_3", 1595, 1305, "B", "DIP", "NRST", "", "C", 59.05, 59.05, 39.37, 270],
		[76, "PROG1_4", 1595, 1205, "T", "DIP", "OSC", "", "C", 59.05, 59.05, 39.37, 270],
		[77, "PROG1_4", 1595, 1205, "B", "DIP", "OSC", "", "C", 59.05, 59.05, 39.37, 270],
		[78, "PROG1_5", 1595, 1105, "T", "DIP", "TX", "", "C", 59.05, 59.05, 39.37, 270],
		[79, "PROG1_5", 1595, 1105, "B", "DIP", "TX", "", "C", 59.05, 59.05, 39.37, 270],
		[80, "PROG1_6", 1595, 1005, "T", "DIP", "RX", "", "C", 59.05, 59.05, 39.37, 270],
		[81, "PROG1_6", 1595, 1005, "B", "DIP", "RX", "", "C", 59.05, 59.05, 39.37, 270],
		[82, "PROG1_7", 1595, 905, "T", "DIP", "GND", "GND", "C", 59.05, 59.05, 39.37, 270],
		[83, "PROG1_7", 1595, 905, "B", "DIP", "GND", "GND", "C", 59.05, 59.05, 39.37, 270],
		[84, "PROG1_8", 1595, 805, "T", "DIP", "VCC", "", "C", 59.05, 59.05, 39.37, 270],
		[85, "PROG1_8", 1595, 805, "B", "DIP", "VCC", "", "C", 59.05, 59.05, 39.37, 270],
		[86, "R1_1", 1459.78, 1402.63, "T", "SMD", "LAD1", "", "R", 44.59, 54.21, 0, 270],
		[87, "R1_2", 1459.78, 1481.37, "T", "SMD", "$1N2229", "", "R", 44.59, 54.21, 0, 270],
		[88, "R2_1", 1460, 1230.63, "T", "SMD", "LAD2", "", "R", 44.59, 54.21, 0, 270],
		[89, "R2_2", 1460, 1309.37, "T", "SMD", "$1N2230", "", "R", 44.59, 54.21, 0, 270],
		[90, "R3_1", 1460, 1060.63, "T", "SMD", "$1N2231", "", "R", 44.59, 54.21, 0, 270],
		[91, "R3_2", 1460, 1139.37, "T", "SMD", "LAD0", "", "R", 44.59, 54.21, 0, 270],
		[92, "R4_1", 1460, 890.63, "T", "SMD", "$1N2232", "", "R", 44.59, 54.21, 0, 270],
		[93, "R4_2", 1460, 969.37, "T", "SMD", "LAD3", "", "R", 44.59, 54.21, 0, 270],
		[94, "R5_1", 1505.63, 225, "T", "SMD", "GND", "GND", "R", 44.59, 54.21, 0, 0],
		[95, "R5_2", 1584.37, 225, "T", "SMD", "$1N2151", "", "R", 44.59, 54.21, 0, 0],
		[96, "R6_1", 1400, 420.63, "T", "SMD", "$1N2227", "", "R", 44.59, 54.21, 0, 90],
		[97, "R6_2", 1400, 499.37, "T", "SMD", "GND", "GND", "R", 44.59, 54.21, 0, 90],
		[98, "R7_1", 1364.7, 1224.1, "B", "SMD", "VCC", "", "R", 44.59, 54.21, 0, 0],
		[99, "R7_2", 1285.96, 1224.1, "B", "SMD", "SCL", "", "R", 44.59, 54.21, 0, 0],
		[100, "R8_1", 1374.7, 958.72, "B", "SMD", "SDA", "", "R", 44.59, 54.21, 0, 0],
		[101, "R8_2", 1295.96, 958.72, "B", "SMD", "VCC", "", "R", 44.59, 54.21, 0, 0],
		[102, "R9_1", 1365.04, 1079.55, "B", "SMD", "NRST", "", "R", 44.59, 54.21, 0, 0],
		[103, "R9_2", 1286.3, 1079.55, "B", "SMD", "VCC", "", "R", 44.59, 54.21, 0, 0],
		[104, "R10_1", 1380.04, 793.97, "B", "SMD", "$1N2228", "", "R", 44.59, 54.21, 0, 0],
		[105, "R10_2", 1301.3, 793.97, "B", "SMD", "VCC", "", "R", 44.59, 54.21, 0, 0],
		[106, "RGB1_1", 920, 425.63, "T", "SMD", "RGB", "", "C", 75, 75, 0, 0],
		[107, "RGB_EXP1_1", 656.57, 331.28, "T", "SMD", "RGB", "", "R", 23.62, 61.02, 0, 180],
		[108, "RGB_EXP1_2", 695.95, 331.28, "T", "SMD", "3.3V", "", "R", 23.62, 61.02, 0, 180],
		[109, "RGB_EXP1_3", 735.32, 331.28, "T", "SMD", "GND", "GND", "R", 23.62, 61.02, 0, 180],
		[110, "RGB_EXP1_4", 774.69, 331.28, "T", "SMD", "RGB_EXP1_4", "", "R", 23.62, 61.02, 0, 180],
		[111, "RGB_EXP1_5", 814.06, 331.28, "T", "SMD", "RGB_EXP1_5", "", "R", 23.62, 61.02, 0, 180],
		[112, "RGB_EXP1_6", 853.43, 331.28, "T", "SMD", "+5V", "", "R", 23.62, 61.02, 0, 180],
		[113, "RGB_EXP1_7", 904.6, 178.72, "T", "SMD", "RGB_EXP1_7", "", "R", 59.05, 78.74, 0, 180],
		[114, "RGB_EXP1_8", 605.39, 178.72, "T", "SMD", "RGB_EXP1_8", "", "R", 59.05, 78.74, 0, 180],
		[115, "U1_1", 1324.33, 1476.3, "T", "SMD", "LAD0", "", "R", 78.74, 51.18, 0, 180],
		[116, "U1_2", 1324.33, 1376.3, "T", "SMD", "LAD1", "", "R", 78.74, 51.18, 0, 180],
		[117, "U1_3", 1324.33, 1276.3, "T", "SMD", "LAD2", "", "R", 78.74, 51.18, 0, 180],
		[118, "U1_4", 1324.33, 1176.3, "T", "SMD", "LAD3", "", "R", 78.74, 51.18, 0, 180],
		[119, "U1_5", 1324.33, 1076.3, "T", "SMD", "LCLK", "", "R", 78.74, 51.18, 0, 180],
		[120, "U1_6", 1324.33, 976.3, "T", "SMD", "LFRAME", "", "R", 78.74, 51.18, 0, 180],
		[121, "U1_7", 1324.33, 876.3, "T", "SMD", "D0", "", "R", 78.74, 51.18, 0, 180],
		[122, "U1_8", 1324.33, 776.3, "T", "SMD", "RST", "", "R", 78.74, 51.18, 0, 180],
		[123, "U1_9", 1324.33, 676.3, "T", "SMD", "3.3V", "", "R", 78.74, 51.18, 0, 180],
		[124, "U1_10", 1170, 613.7, "T", "SMD", "U1_10", "", "R", 51.18, 78.74, 0, 180],
		[125, "U1_11", 1070, 613.7, "T", "SMD", "U1_11", "", "R", 51.18, 78.74, 0, 180],
		[126, "U1_12", 970, 613.7, "T", "SMD", "STS_LED", "", "R", 51.18, 78.74, 0, 180],
		[127, "U1_13", 870, 613.7, "T", "SMD", "EX_SDA", "", "R", 51.18, 78.74, 0, 180],
		[128, "U1_14", 770, 613.71, "T", "SMD", "EX_SCL", "", "R", 78.74, 51.18, 0, 90],
		[129, "U1_15", 615.67, 676.3, "T", "SMD", "DISP_SPI_TX", "", "R", 78.74, 51.18, 0, 180],
		[130, "U1_16", 615.67, 776.3, "T", "SMD", "DISP_SPI_SCK", "", "R", 78.74, 51.18, 0, 180],
		[131, "U1_17", 615.67, 876.3, "T", "SMD", "DISP_CSN2", "", "R", 78.74, 51.18, 0, 180],
		[132, "U1_18", 615.67, 976.3, "T", "SMD", "DISP_CSN1", "", "R", 78.74, 51.18, 0, 180],
		[133, "U1_19", 615.67, 1076.3, "T", "SMD", "U1_19", "", "R", 78.74, 51.18, 0, 180],
		[134, "U1_20", 615.67, 1176.3, "T", "SMD", "U1_20", "", "R", 78.74, 51.18, 0, 180],
		[135, "U1_21", 615.67, 1276.3, "T", "SMD", "U1_21", "", "R", 78.74, 51.18, 0, 180],
		[136, "U1_22", 615.67, 1376.3, "T", "SMD", "GND", "GND", "R", 78.74, 51.18, 0, 180],
		[137, "U1_23", 615.67, 1476.3, "T", "SMD", "$1N2150", "", "R", 78.74, 51.18, 0, 180],
		[138, "U2_1", 1048.27, 827.68, "B", "SMD", "VCC", "", "O", 10.63, 59.05, 0, 0],
		[139, "U2_2", 1028.58, 827.68, "B", "SMD", "LED", "", "O", 10.63, 59.05, 0, 0],
		[140, "U2_3", 1008.9, 827.68, "B", "SMD", "LED2", "", "O", 10.63, 59.05, 0, 0],
		[141, "U2_4", 989.21, 827.68, "B", "SMD", "U2_4", "", "O", 10.63, 59.05, 0, 0],
		[142, "U2_5", 969.53, 827.68, "B", "SMD", "U2_5", "", "O", 10.63, 59.05, 0, 0],
		[143, "U2_6", 949.84, 827.68, "B", "SMD", "OSC", "", "O", 10.63, 59.05, 0, 0],
		[144, "U2_7", 930.16, 827.68, "B", "SMD", "NRST", "", "O", 10.63, 59.05, 0, 0],
		[145, "U2_8", 910.47, 827.68, "B", "SMD", "GND", "GND", "O", 10.63, 59.05, 0, 0],
		[146, "U2_9", 890.79, 827.68, "B", "SMD", "VCC", "", "O", 10.63, 59.05, 0, 0],
		[147, "U2_10", 871.1, 827.68, "B", "SMD", "U2_10", "", "O", 10.63, 59.05, 0, 0],
		[148, "U2_11", 851.42, 827.68, "B", "SMD", "U2_11", "", "O", 10.63, 59.05, 0, 0],
		[149, "U2_12", 831.73, 827.68, "B", "SMD", "TX", "", "O", 10.63, 59.05, 0, 0],
		[150, "U2_13", 772.68, 886.73, "B", "SMD", "RX", "", "O", 59.05, 10.63, 0, 0],
		[151, "U2_14", 772.68, 906.42, "B", "SMD", "U2_14", "", "O", 59.05, 10.63, 0, 0],
		[152, "U2_15", 772.68, 926.1, "B", "SMD", "U2_15", "", "O", 59.05, 10.63, 0, 0],
		[153, "U2_16", 772.68, 945.79, "B", "SMD", "U2_16", "", "O", 59.05, 10.63, 0, 0],
		[154, "U2_17", 772.68, 965.47, "B", "SMD", "U2_17", "", "O", 59.05, 10.63, 0, 0],
		[155, "U2_18", 772.68, 985.16, "B", "SMD", "U2_18", "", "O", 59.05, 10.63, 0, 0],
		[156, "U2_19", 772.68, 1004.84, "B", "SMD", "U2_19", "", "O", 59.05, 10.63, 0, 0],
		[157, "U2_20", 772.68, 1024.53, "B", "SMD", "U2_20", "", "O", 59.05, 10.63, 0, 0],
		[158, "U2_21", 772.68, 1044.21, "B", "SMD", "XSCL", "", "O", 59.05, 10.63, 0, 0],
		[159, "U2_22", 772.68, 1063.9, "B", "SMD", "XSDA", "", "O", 59.05, 10.63, 0, 0],
		[160, "U2_23", 772.68, 1083.58, "B", "SMD", "GND", "GND", "O", 59.05, 10.63, 0, 0],
		[161, "U2_24", 772.68, 1103.27, "B", "SMD", "VCC", "", "O", 59.05, 10.63, 0, 0],
		[162, "U2_25", 831.73, 1162.32, "B", "SMD", "U2_25", "", "O", 10.63, 59.05, 0, 0],
		[163, "U2_26", 851.42, 1162.32, "B", "SMD", "U2_26", "", "O", 10.63, 59.05, 0, 0],
		[164, "U2_27", 871.1, 1162.32, "B", "SMD", "U2_27", "", "O", 10.63, 59.05, 0, 0],
		[165, "U2_28", 890.79, 1162.32, "B", "SMD", "U2_28", "", "O", 10.63, 59.05, 0, 0],
		[166, "U2_29", 910.47, 1162.32, "B", "SMD", "U2_29", "", "O", 10.63, 59.05, 0, 0],
		[167, "U2_30", 930.16, 1162.32, "B", "SMD", "U2_30", "", "O", 10.63, 59.05, 0, 0],
		[168, "U2_31", 949.84, 1162.32, "B", "SMD", "U2_31", "", "O", 10.63, 59.05, 0, 0],
		[169, "U2_32", 969.53, 1162.32, "B", "SMD", "U2_32", "", "O", 10.63, 59.05, 0, 0],
		[170, "U2_33", 989.21, 1162.32, "B", "SMD", "U2_33", "", "O", 10.63, 59.05, 0, 0],
		[171, "U2_34", 1008.9, 1162.32, "B", "SMD", "SWDIO", "", "O", 10.63, 59.05, 0, 0],
		[172, "U2_35", 1028.58, 1162.32, "B", "SMD", "U2_35", "", "O", 10.63, 59.05, 0, 0],
		[173, "U2_36", 1048.27, 1162.32, "B", "SMD", "INT", "", "O", 10.63, 59.05, 0, 0],
		[174, "U2_37", 1107.32, 1103.27, "B", "SMD", "SWCLK", "", "O", 59.05, 10.63, 0, 0],
		[175, "U2_38", 1107.32, 1083.58, "B", "SMD", "U2_38", "", "O", 59.05, 10.63, 0, 0],
		[176, "U2_39", 1107.32, 1063.9, "B", "SMD", "U2_39", "", "O", 59.05, 10.63, 0, 0],
		[177, "U2_40", 1107.32, 1044.21, "B", "SMD", "U2_40", "", "O", 59.05, 10.63, 0, 0],
		[178, "U2_41", 1107.32, 1024.53, "B", "SMD", "U2_41", "", "O", 59.05, 10.63, 0, 0],
		[179, "U2_42", 1107.32, 1004.84, "B", "SMD", "SCL", "", "O", 59.05, 10.63, 0, 0],
		[180, "U2_43", 1107.32, 985.16, "B", "SMD", "SDA", "", "O", 59.05, 10.63, 0, 0],
		[181, "U2_44", 1107.32, 965.47, "B", "SMD", "$1N2228", "", "O", 59.05, 10.63, 0, 0],
		[182, "U2_45", 1107.32, 945.79, "B", "SMD", "U2_45", "", "O", 59.05, 10.63, 0, 0],
		[183, "U2_46", 1107.32, 926.1, "B", "SMD", "U2_46", "", "O", 59.05, 10.63, 0, 0],
		[184, "U2_47", 1107.32, 906.42, "B", "SMD", "GND", "GND", "O", 59.05, 10.63, 0, 0],
		[185, "U2_48", 1107.32, 886.73, "B", "SMD", "VCC", "", "O", 59.05, 10.63, 0, 0],
		[186, "U3_1", 1236.57, 1438.72, "B", "SMD", "GND", "GND", "R", 23.62, 61.02, 0, 180],
		[187, "U3_2", 1275.95, 1438.72, "B", "SMD", "LED", "", "R", 23.62, 61.02, 0, 180],
		[188, "U3_3", 1315.32, 1438.72, "B", "SMD", "U3_3", "", "R", 23.62, 61.02, 0, 180],
		[189, "U3_4", 1354.69, 1438.72, "B", "SMD", "SCL", "", "R", 23.62, 61.02, 0, 180],
		[190, "U3_5", 1394.06, 1438.72, "B", "SMD", "SDA", "", "R", 23.62, 61.02, 0, 180],
		[191, "U3_6", 1433.43, 1438.72, "B", "SMD", "INT", "", "R", 23.62, 61.02, 0, 180],
		[192, "U3_7", 1484.6, 1591.28, "B", "SMD", "U3_7", "", "R", 59.05, 78.74, 0, 180],
		[193, "U3_8", 1185.39, 1591.28, "B", "SMD", "U3_8", "", "R", 59.05, 78.74, 0, 180],
		[194, "U5_1", 288.81, 577.6, "B", "SMD", "$1N2142", "", "R", 43.31, 23.62, 0, 0],
		[195, "U5_2", 288.81, 615, "B", "SMD", "GND", "GND", "R", 43.31, 23.62, 0, 0],
		[196, "U5_3", 288.81, 652.4, "B", "SMD", "$1N2142", "", "R", 43.31, 23.62, 0, 0],
		[197, "U5_4", 391.19, 652.4, "B", "SMD", "U5_4", "", "R", 43.31, 23.62, 0, 0],
		[198, "U5_5", 391.19, 577.6, "B", "SMD", "VCC", "", "R", 43.31, 23.62, 0, 0]
	]
}
}